date,index_name,index_value,capesize_index,panamax_index,supramax_index,route,period,source,unit
2026-09-01,BDI,3243.0,5211.0,2401.0,1726.0,composite,spot,Baltic Exchange,points
2026-09-01,BCI,5211.0,5211.0,2401.0,1726.0,composite,spot,Baltic Exchange,points
2026-09-01,BPI,2401.0,5211.0,2401.0,1726.0,composite,spot,Baltic Exchange,points
2026-09-01,BSI,1726.0,5211.0,2401.0,1726.0,composite,spot,Baltic Exchange,points
2026-09-01,BCI,11.32,5211.0,2401.0,1726.0,C5,spot,Baltic Exchange,USD/t
2026-09-01,BCI,22.47,5211.0,2401.0,1726.0,C3,spot,Baltic Exchange,USD/t
2026-09-01,BPI,21489.0,5211.0,2401.0,1726.0,P1A_82,spot,Baltic Exchange,USD/day
2026-09-01,BPI,25529.0,5211.0,2401.0,1726.0,P2A_82,spot,Baltic Exchange,USD/day
2026-09-01,BSI,20210.0,5211.0,2401.0,1726.0,S1C_63,spot,Baltic Exchange,USD/day
2026-09-01,BSI,23232.0,5211.0,2401.0,1726.0,S10_63,spot,Baltic Exchange,USD/day
2026-09-02,BDI,3262.0,5289.0,2392.0,1712.0,composite,spot,Baltic Exchange,points
2026-09-02,BCI,5289.0,5289.0,2392.0,1712.0,composite,spot,Baltic Exchange,points
2026-09-02,BPI,2392.0,5289.0,2392.0,1712.0,composite,spot,Baltic Exchange,points
2026-09-02,BSI,1712.0,5289.0,2392.0,1712.0,composite,spot,Baltic Exchange,points
2026-09-02,BCI,11.07,5289.0,2392.0,1712.0,C5,spot,Baltic Exchange,USD/t
2026-09-02,BCI,22.4,5289.0,2392.0,1712.0,C3,spot,Baltic Exchange,USD/t
2026-09-02,BPI,21490.0,5289.0,2392.0,1712.0,P1A_82,spot,Baltic Exchange,USD/day
2026-09-02,BPI,24928.0,5289.0,2392.0,1712.0,P2A_82,spot,Baltic Exchange,USD/day
2026-09-02,BSI,20450.0,5289.0,2392.0,1712.0,S1C_63,spot,Baltic Exchange,USD/day
2026-09-02,BSI,23307.0,5289.0,2392.0,1712.0,S10_63,spot,Baltic Exchange,USD/day
2026-09-03,BDI,3255.0,5273.0,2390.0,1711.0,composite,spot,Baltic Exchange,points
2026-09-03,BCI,5273.0,5273.0,2390.0,1711.0,composite,spot,Baltic Exchange,points
2026-09-03,BPI,2390.0,5273.0,2390.0,1711.0,composite,spot,Baltic Exchange,points
2026-09-03,BSI,1711.0,5273.0,2390.0,1711.0,composite,spot,Baltic Exchange,points
2026-09-03,BCI,10.66,5273.0,2390.0,1711.0,C5,spot,Baltic Exchange,USD/t
2026-09-03,BCI,21.89,5273.0,2390.0,1711.0,C3,spot,Baltic Exchange,USD/t
2026-09-03,BPI,21776.0,5273.0,2390.0,1711.0,P1A_82,spot,Baltic Exchange,USD/day
2026-09-03,BPI,25048.0,5273.0,2390.0,1711.0,P2A_82,spot,Baltic Exchange,USD/day
2026-09-03,BSI,20468.0,5273.0,2390.0,1711.0,S1C_63,spot,Baltic Exchange,USD/day
2026-09-03,BSI,23199.0,5273.0,2390.0,1711.0,S10_63,spot,Baltic Exchange,USD/day
2026-09-04,BDI,3255.0,5279.0,2361.0,1725.0,composite,spot,Baltic Exchange,points
2026-09-04,BCI,5279.0,5279.0,2361.0,1725.0,composite,spot,Baltic Exchange,points
2026-09-04,BPI,2361.0,5279.0,2361.0,1725.0,composite,spot,Baltic Exchange,points
2026-09-04,BSI,1725.0,5279.0,2361.0,1725.0,composite,spot,Baltic Exchange,points
2026-09-04,BCI,10.6,5279.0,2361.0,1725.0,C5,spot,Baltic Exchange,USD/t
2026-09-04,BCI,21.67,5279.0,2361.0,1725.0,C3,spot,Baltic Exchange,USD/t
2026-09-04,BPI,21381.0,5279.0,2361.0,1725.0,P1A_82,spot,Baltic Exchange,USD/day
2026-09-04,BPI,24818.0,5279.0,2361.0,1725.0,P2A_82,spot,Baltic Exchange,USD/day
2026-09-04,BSI,20420.0,5279.0,2361.0,1725.0,S1C_63,spot,Baltic Exchange,USD/day
2026-09-04,BSI,23289.0,5279.0,2361.0,1725.0,S10_63,spot,Baltic Exchange,USD/day
2026-09-07,BDI,3335.0,5473.0,2385.0,1734.0,composite,spot,Baltic Exchange,points
2026-09-07,BCI,5473.0,5473.0,2385.0,1734.0,composite,spot,Baltic Exchange,points
2026-09-07,BPI,2385.0,5473.0,2385.0,1734.0,composite,spot,Baltic Exchange,points
2026-09-07,BSI,1734.0,5473.0,2385.0,1734.0,composite,spot,Baltic Exchange,points
2026-09-07,BCI,10.45,5473.0,2385.0,1734.0,C5,spot,Baltic Exchange,USD/t
2026-09-07,BCI,21.72,5473.0,2385.0,1734.0,C3,spot,Baltic Exchange,USD/t
2026-09-07,BPI,21451.0,5473.0,2385.0,1734.0,P1A_82,spot,Baltic Exchange,USD/day
2026-09-07,BPI,25570.0,5473.0,2385.0,1734.0,P2A_82,spot,Baltic Exchange,USD/day
2026-09-07,BSI,20460.0,5473.0,2385.0,1734.0,S1C_63,spot,Baltic Exchange,USD/day
2026-09-07,BSI,23387.0,5473.0,2385.0,1734.0,S10_63,spot,Baltic Exchange,USD/day
2026-09-08,BDI,3340.0,5510.0,2350.0,1739.0,composite,spot,Baltic Exchange,points
2026-09-08,BCI,5510.0,5510.0,2350.0,1739.0,composite,spot,Baltic Exchange,points
2026-09-08,BPI,2350.0,5510.0,2350.0,1739.0,composite,spot,Baltic Exchange,points
2026-09-08,BSI,1739.0,5510.0,2350.0,1739.0,composite,spot,Baltic Exchange,points
2026-09-08,BCI,10.6,5510.0,2350.0,1739.0,C5,spot,Baltic Exchange,USD/t
2026-09-08,BCI,22.41,5510.0,2350.0,1739.0,C3,spot,Baltic Exchange,USD/t
2026-09-08,BPI,21052.0,5510.0,2350.0,1739.0,P1A_82,spot,Baltic Exchange,USD/day
2026-09-08,BPI,25497.0,5510.0,2350.0,1739.0,P2A_82,spot,Baltic Exchange,USD/day
2026-09-08,BSI,20812.0,5510.0,2350.0,1739.0,S1C_63,spot,Baltic Exchange,USD/day
2026-09-08,BSI,23247.0,5510.0,2350.0,1739.0,S10_63,spot,Baltic Exchange,USD/day
2026-09-09,BDI,3296.0,5354.0,2369.0,1754.0,composite,spot,Baltic Exchange,points
2026-09-09,BCI,5354.0,5354.0,2369.0,1754.0,composite,spot,Baltic Exchange,points
2026-09-09,BPI,2369.0,5354.0,2369.0,1754.0,composite,spot,Baltic Exchange,points
2026-09-09,BSI,1754.0,5354.0,2369.0,1754.0,composite,spot,Baltic Exchange,points
2026-09-09,BCI,10.59,5354.0,2369.0,1754.0,C5,spot,Baltic Exchange,USD/t
2026-09-09,BCI,22.25,5354.0,2369.0,1754.0,C3,spot,Baltic Exchange,USD/t
2026-09-09,BPI,21083.0,5354.0,2369.0,1754.0,P1A_82,spot,Baltic Exchange,USD/day
2026-09-09,BPI,25571.0,5354.0,2369.0,1754.0,P2A_82,spot,Baltic Exchange,USD/day
2026-09-09,BSI,20860.0,5354.0,2369.0,1754.0,S1C_63,spot,Baltic Exchange,USD/day
2026-09-09,BSI,23239.0,5354.0,2369.0,1754.0,S10_63,spot,Baltic Exchange,USD/day
2026-09-10,BDI,3267.0,5243.0,2394.0,1762.0,composite,spot,Baltic Exchange,points
2026-09-10,BCI,5243.0,5243.0,2394.0,1762.0,composite,spot,Baltic Exchange,points
2026-09-10,BPI,2394.0,5243.0,2394.0,1762.0,composite,spot,Baltic Exchange,points
2026-09-10,BSI,1762.0,5243.0,2394.0,1762.0,composite,spot,Baltic Exchange,points
2026-09-10,BCI,10.47,5243.0,2394.0,1762.0,C5,spot,Baltic Exchange,USD/t
2026-09-10,BCI,23.12,5243.0,2394.0,1762.0,C3,spot,Baltic Exchange,USD/t
2026-09-10,BPI,20967.0,5243.0,2394.0,1762.0,P1A_82,spot,Baltic Exchange,USD/day
2026-09-10,BPI,25093.0,5243.0,2394.0,1762.0,P2A_82,spot,Baltic Exchange,USD/day
2026-09-10,BSI,20962.0,5243.0,2394.0,1762.0,S1C_63,spot,Baltic Exchange,USD/day
2026-09-10,BSI,23323.0,5243.0,2394.0,1762.0,S10_63,spot,Baltic Exchange,USD/day
2026-09-11,BDI,3260.0,5259.0,2368.0,1750.0,composite,spot,Baltic Exchange,points
2026-09-11,BCI,5259.0,5259.0,2368.0,1750.0,composite,spot,Baltic Exchange,points
2026-09-11,BPI,2368.0,5259.0,2368.0,1750.0,composite,spot,Baltic Exchange,points
2026-09-11,BSI,1750.0,5259.0,2368.0,1750.0,composite,spot,Baltic Exchange,points
2026-09-11,BCI,10.67,5259.0,2368.0,1750.0,C5,spot,Baltic Exchange,USD/t
2026-09-11,BCI,23.1,5259.0,2368.0,1750.0,C3,spot,Baltic Exchange,USD/t
2026-09-11,BPI,20827.0,5259.0,2368.0,1750.0,P1A_82,spot,Baltic Exchange,USD/day
2026-09-11,BPI,24896.0,5259.0,2368.0,1750.0,P2A_82,spot,Baltic Exchange,USD/day
2026-09-11,BSI,21175.0,5259.0,2368.0,1750.0,S1C_63,spot,Baltic Exchange,USD/day
2026-09-11,BSI,23047.0,5259.0,2368.0,1750.0,S10_63,spot,Baltic Exchange,USD/day
2026-09-14,BDI,3286.0,5356.0,2350.0,1742.0,composite,spot,Baltic Exchange,points
2026-09-14,BCI,5356.0,5356.0,2350.0,1742.0,composite,spot,Baltic Exchange,points
2026-09-14,BPI,2350.0,5356.0,2350.0,1742.0,composite,spot,Baltic Exchange,points
2026-09-14,BSI,1742.0,5356.0,2350.0,1742.0,composite,spot,Baltic Exchange,points
2026-09-14,BCI,10.49,5356.0,2350.0,1742.0,C5,spot,Baltic Exchange,USD/t
2026-09-14,BCI,23.67,5356.0,2350.0,1742.0,C3,spot,Baltic Exchange,USD/t
2026-09-14,BPI,21252.0,5356.0,2350.0,1742.0,P1A_82,spot,Baltic Exchange,USD/day
2026-09-14,BPI,24916.0,5356.0,2350.0,1742.0,P2A_82,spot,Baltic Exchange,USD/day
2026-09-14,BSI,21294.0,5356.0,2350.0,1742.0,S1C_63,spot,Baltic Exchange,USD/day
2026-09-14,BSI,23010.0,5356.0,2350.0,1742.0,S10_63,spot,Baltic Exchange,USD/day
2026-09-15,BDI,3337.0,5531.0,2276.0,1766.0,composite,spot,Baltic Exchange,points
2026-09-15,BCI,5531.0,5531.0,2276.0,1766.0,composite,spot,Baltic Exchange,points
2026-09-15,BPI,2276.0,5531.0,2276.0,1766.0,composite,spot,Baltic Exchange,points
2026-09-15,BSI,1766.0,5531.0,2276.0,1766.0,composite,spot,Baltic Exchange,points
2026-09-15,BCI,10.37,5531.0,2276.0,1766.0,C5,spot,Baltic Exchange,USD/t
2026-09-15,BCI,23.85,5531.0,2276.0,1766.0,C3,spot,Baltic Exchange,USD/t
2026-09-15,BPI,21116.0,5531.0,2276.0,1766.0,P1A_82,spot,Baltic Exchange,USD/day
2026-09-15,BPI,25182.0,5531.0,2276.0,1766.0,P2A_82,spot,Baltic Exchange,USD/day
2026-09-15,BSI,21309.0,5531.0,2276.0,1766.0,S1C_63,spot,Baltic Exchange,USD/day
2026-09-15,BSI,23106.0,5531.0,2276.0,1766.0,S10_63,spot,Baltic Exchange,USD/day
2026-09-16,BDI,3337.0,5567.0,2235.0,1764.0,composite,spot,Baltic Exchange,points
2026-09-16,BCI,5567.0,5567.0,2235.0,1764.0,composite,spot,Baltic Exchange,points
2026-09-16,BPI,2235.0,5567.0,2235.0,1764.0,composite,spot,Baltic Exchange,points
2026-09-16,BSI,1764.0,5567.0,2235.0,1764.0,composite,spot,Baltic Exchange,points
2026-09-16,BCI,10.25,5567.0,2235.0,1764.0,C5,spot,Baltic Exchange,USD/t
2026-09-16,BCI,24.28,5567.0,2235.0,1764.0,C3,spot,Baltic Exchange,USD/t
2026-09-16,BPI,20782.0,5567.0,2235.0,1764.0,P1A_82,spot,Baltic Exchange,USD/day
2026-09-16,BPI,25761.0,5567.0,2235.0,1764.0,P2A_82,spot,Baltic Exchange,USD/day
2026-09-16,BSI,21502.0,5567.0,2235.0,1764.0,S1C_63,spot,Baltic Exchange,USD/day
2026-09-16,BSI,22922.0,5567.0,2235.0,1764.0,S10_63,spot,Baltic Exchange,USD/day
2026-09-17,BDI,3350.0,5585.0,2250.0,1769.0,composite,spot,Baltic Exchange,points
2026-09-17,BCI,5585.0,5585.0,2250.0,1769.0,composite,spot,Baltic Exchange,points
2026-09-17,BPI,2250.0,5585.0,2250.0,1769.0,composite,spot,Baltic Exchange,points
2026-09-17,BSI,1769.0,5585.0,2250.0,1769.0,composite,spot,Baltic Exchange,points
2026-09-17,BCI,10.37,5585.0,2250.0,1769.0,C5,spot,Baltic Exchange,USD/t
2026-09-17,BCI,23.79,5585.0,2250.0,1769.0,C3,spot,Baltic Exchange,USD/t
2026-09-17,BPI,21320.0,5585.0,2250.0,1769.0,P1A_82,spot,Baltic Exchange,USD/day
2026-09-17,BPI,25990.0,5585.0,2250.0,1769.0,P2A_82,spot,Baltic Exchange,USD/day
2026-09-17,BSI,21381.0,5585.0,2250.0,1769.0,S1C_63,spot,Baltic Exchange,USD/day
2026-09-17,BSI,23033.0,5585.0,2250.0,1769.0,S10_63,spot,Baltic Exchange,USD/day
2026-09-18,BDI,3327.0,5551.0,2220.0,1764.0,composite,spot,Baltic Exchange,points
2026-09-18,BCI,5551.0,5551.0,2220.0,1764.0,composite,spot,Baltic Exchange,points
2026-09-18,BPI,2220.0,5551.0,2220.0,1764.0,composite,spot,Baltic Exchange,points
2026-09-18,BSI,1764.0,5551.0,2220.0,1764.0,composite,spot,Baltic Exchange,points
2026-09-18,BCI,10.85,5551.0,2220.0,1764.0,C5,spot,Baltic Exchange,USD/t
2026-09-18,BCI,23.92,5551.0,2220.0,1764.0,C3,spot,Baltic Exchange,USD/t
2026-09-18,BPI,21319.0,5551.0,2220.0,1764.0,P1A_82,spot,Baltic Exchange,USD/day
2026-09-18,BPI,26376.0,5551.0,2220.0,1764.0,P2A_82,spot,Baltic Exchange,USD/day
2026-09-18,BSI,21466.0,5551.0,2220.0,1764.0,S1C_63,spot,Baltic Exchange,USD/day
2026-09-18,BSI,23194.0,5551.0,2220.0,1764.0,S10_63,spot,Baltic Exchange,USD/day
2026-09-21,BDI,3315.0,5509.0,2241.0,1756.0,composite,spot,Baltic Exchange,points
2026-09-21,BCI,5509.0,5509.0,2241.0,1756.0,composite,spot,Baltic Exchange,points
2026-09-21,BPI,2241.0,5509.0,2241.0,1756.0,composite,spot,Baltic Exchange,points
2026-09-21,BSI,1756.0,5509.0,2241.0,1756.0,composite,spot,Baltic Exchange,points
2026-09-21,BCI,10.98,5509.0,2241.0,1756.0,C5,spot,Baltic Exchange,USD/t
2026-09-21,BCI,24.35,5509.0,2241.0,1756.0,C3,spot,Baltic Exchange,USD/t
2026-09-21,BPI,21118.0,5509.0,2241.0,1756.0,P1A_82,spot,Baltic Exchange,USD/day
2026-09-21,BPI,25711.0,5509.0,2241.0,1756.0,P2A_82,spot,Baltic Exchange,USD/day
2026-09-21,BSI,21554.0,5509.0,2241.0,1756.0,S1C_63,spot,Baltic Exchange,USD/day
2026-09-21,BSI,23081.0,5509.0,2241.0,1756.0,S10_63,spot,Baltic Exchange,USD/day
2026-09-22,BDI,3333.0,5560.0,2248.0,1750.0,composite,spot,Baltic Exchange,points
2026-09-22,BCI,5560.0,5560.0,2248.0,1750.0,composite,spot,Baltic Exchange,points
2026-09-22,BPI,2248.0,5560.0,2248.0,1750.0,composite,spot,Baltic Exchange,points
2026-09-22,BSI,1750.0,5560.0,2248.0,1750.0,composite,spot,Baltic Exchange,points
2026-09-22,BCI,11.14,5560.0,2248.0,1750.0,C5,spot,Baltic Exchange,USD/t
2026-09-22,BCI,24.88,5560.0,2248.0,1750.0,C3,spot,Baltic Exchange,USD/t
2026-09-22,BPI,20944.0,5560.0,2248.0,1750.0,P1A_82,spot,Baltic Exchange,USD/day
2026-09-22,BPI,26384.0,5560.0,2248.0,1750.0,P2A_82,spot,Baltic Exchange,USD/day
2026-09-22,BSI,21633.0,5560.0,2248.0,1750.0,S1C_63,spot,Baltic Exchange,USD/day
2026-09-22,BSI,23123.0,5560.0,2248.0,1750.0,S10_63,spot,Baltic Exchange,USD/day
2026-09-23,BDI,3255.0,5327.0,2258.0,1755.0,composite,spot,Baltic Exchange,points
2026-09-23,BCI,5327.0,5327.0,2258.0,1755.0,composite,spot,Baltic Exchange,points
2026-09-23,BPI,2258.0,5327.0,2258.0,1755.0,composite,spot,Baltic Exchange,points
2026-09-23,BSI,1755.0,5327.0,2258.0,1755.0,composite,spot,Baltic Exchange,points
2026-09-23,BCI,11.07,5327.0,2258.0,1755.0,C5,spot,Baltic Exchange,USD/t
2026-09-23,BCI,24.96,5327.0,2258.0,1755.0,C3,spot,Baltic Exchange,USD/t
2026-09-23,BPI,21119.0,5327.0,2258.0,1755.0,P1A_82,spot,Baltic Exchange,USD/day
2026-09-23,BPI,26512.0,5327.0,2258.0,1755.0,P2A_82,spot,Baltic Exchange,USD/day
2026-09-23,BSI,21440.0,5327.0,2258.0,1755.0,S1C_63,spot,Baltic Exchange,USD/day
2026-09-23,BSI,23179.0,5327.0,2258.0,1755.0,S10_63,spot,Baltic Exchange,USD/day
2026-09-24,BDI,3249.0,5308.0,2251.0,1762.0,composite,spot,Baltic Exchange,points
2026-09-24,BCI,5308.0,5308.0,2251.0,1762.0,composite,spot,Baltic Exchange,points
2026-09-24,BPI,2251.0,5308.0,2251.0,1762.0,composite,spot,Baltic Exchange,points
2026-09-24,BSI,1762.0,5308.0,2251.0,1762.0,composite,spot,Baltic Exchange,points
2026-09-24,BCI,11.13,5308.0,2251.0,1762.0,C5,spot,Baltic Exchange,USD/t
2026-09-24,BCI,25.09,5308.0,2251.0,1762.0,C3,spot,Baltic Exchange,USD/t
2026-09-24,BPI,21344.0,5308.0,2251.0,1762.0,P1A_82,spot,Baltic Exchange,USD/day
2026-09-24,BPI,26464.0,5308.0,2251.0,1762.0,P2A_82,spot,Baltic Exchange,USD/day
2026-09-24,BSI,21432.0,5308.0,2251.0,1762.0,S1C_63,spot,Baltic Exchange,USD/day
2026-09-24,BSI,22859.0,5308.0,2251.0,1762.0,S10_63,spot,Baltic Exchange,USD/day
2026-09-25,BDI,3294.0,5413.0,2275.0,1765.0,composite,spot,Baltic Exchange,points
2026-09-25,BCI,5413.0,5413.0,2275.0,1765.0,composite,spot,Baltic Exchange,points
2026-09-25,BPI,2275.0,5413.0,2275.0,1765.0,composite,spot,Baltic Exchange,points
2026-09-25,BSI,1765.0,5413.0,2275.0,1765.0,composite,spot,Baltic Exchange,points
2026-09-25,BCI,11.13,5413.0,2275.0,1765.0,C5,spot,Baltic Exchange,USD/t
2026-09-25,BCI,25.08,5413.0,2275.0,1765.0,C3,spot,Baltic Exchange,USD/t
2026-09-25,BPI,20583.0,5413.0,2275.0,1765.0,P1A_82,spot,Baltic Exchange,USD/day
2026-09-25,BPI,25946.0,5413.0,2275.0,1765.0,P2A_82,spot,Baltic Exchange,USD/day
2026-09-25,BSI,21681.0,5413.0,2275.0,1765.0,S1C_63,spot,Baltic Exchange,USD/day
2026-09-25,BSI,22765.0,5413.0,2275.0,1765.0,S10_63,spot,Baltic Exchange,USD/day
2026-09-28,BDI,3295.0,5396.0,2288.0,1772.0,composite,spot,Baltic Exchange,points
2026-09-28,BCI,5396.0,5396.0,2288.0,1772.0,composite,spot,Baltic Exchange,points
2026-09-28,BPI,2288.0,5396.0,2288.0,1772.0,composite,spot,Baltic Exchange,points
2026-09-28,BSI,1772.0,5396.0,2288.0,1772.0,composite,spot,Baltic Exchange,points
2026-09-28,BCI,10.81,5396.0,2288.0,1772.0,C5,spot,Baltic Exchange,USD/t
2026-09-28,BCI,25.68,5396.0,2288.0,1772.0,C3,spot,Baltic Exchange,USD/t
2026-09-28,BPI,20796.0,5396.0,2288.0,1772.0,P1A_82,spot,Baltic Exchange,USD/day
2026-09-28,BPI,26478.0,5396.0,2288.0,1772.0,P2A_82,spot,Baltic Exchange,USD/day
2026-09-28,BSI,21824.0,5396.0,2288.0,1772.0,S1C_63,spot,Baltic Exchange,USD/day
2026-09-28,BSI,22983.0,5396.0,2288.0,1772.0,S10_63,spot,Baltic Exchange,USD/day
2026-09-29,BDI,3433.0,5781.0,2280.0,1781.0,composite,spot,Baltic Exchange,points
2026-09-29,BCI,5781.0,5781.0,2280.0,1781.0,composite,spot,Baltic Exchange,points
2026-09-29,BPI,2280.0,5781.0,2280.0,1781.0,composite,spot,Baltic Exchange,points
2026-09-29,BSI,1781.0,5781.0,2280.0,1781.0,composite,spot,Baltic Exchange,points
2026-09-29,BCI,11.02,5781.0,2280.0,1781.0,C5,spot,Baltic Exchange,USD/t
2026-09-29,BCI,25.89,5781.0,2280.0,1781.0,C3,spot,Baltic Exchange,USD/t
2026-09-29,BPI,21051.0,5781.0,2280.0,1781.0,P1A_82,spot,Baltic Exchange,USD/day
2026-09-29,BPI,26589.0,5781.0,2280.0,1781.0,P2A_82,spot,Baltic Exchange,USD/day
2026-09-29,BSI,21869.0,5781.0,2280.0,1781.0,S1C_63,spot,Baltic Exchange,USD/day
2026-09-29,BSI,23078.0,5781.0,2280.0,1781.0,S10_63,spot,Baltic Exchange,USD/day
2026-09-30,BDI,3268.0,5348.0,2240.0,1782.0,composite,spot,Baltic Exchange,points
2026-09-30,BCI,5348.0,5348.0,2240.0,1782.0,composite,spot,Baltic Exchange,points
2026-09-30,BPI,2240.0,5348.0,2240.0,1782.0,composite,spot,Baltic Exchange,points
2026-09-30,BSI,1782.0,5348.0,2240.0,1782.0,composite,spot,Baltic Exchange,points
2026-09-30,BCI,10.9,5348.0,2240.0,1782.0,C5,spot,Baltic Exchange,USD/t
2026-09-30,BCI,25.6,5348.0,2240.0,1782.0,C3,spot,Baltic Exchange,USD/t
2026-09-30,BPI,21500.0,5348.0,2240.0,1782.0,P1A_82,spot,Baltic Exchange,USD/day
2026-09-30,BPI,27500.0,5348.0,2240.0,1782.0,P2A_82,spot,Baltic Exchange,USD/day
2026-09-30,BSI,21800.0,5348.0,2240.0,1782.0,S1C_63,spot,Baltic Exchange,USD/day
2026-09-30,BSI,23100.0,5348.0,2240.0,1782.0,S10_63,spot,Baltic Exchange,USD/day
