freight_code,observation_date,rate,currency,unit,source,route,period
BDI,2026-09-01,3243.0,USD,points,Baltic Exchange,composite,spot
BCI,2026-09-01,5211.0,USD,points,Baltic Exchange,composite,spot
BPI,2026-09-01,2401.0,USD,points,Baltic Exchange,composite,spot
BSI,2026-09-01,1726.0,USD,points,Baltic Exchange,composite,spot
FRT-C5,2026-09-01,11.32,USD,USD/t,Baltic Exchange,C5,spot
FRT-C3,2026-09-01,22.47,USD,USD/t,Baltic Exchange,C3,spot
FRT-P1A_82,2026-09-01,21489.0,USD,USD/day,Baltic Exchange,P1A_82,spot
FRT-P2A_82,2026-09-01,25529.0,USD,USD/day,Baltic Exchange,P2A_82,spot
FRT-S1C_63,2026-09-01,20210.0,USD,USD/day,Baltic Exchange,S1C_63,spot
FRT-S10_63,2026-09-01,23232.0,USD,USD/day,Baltic Exchange,S10_63,spot
BDI,2026-09-02,3262.0,USD,points,Baltic Exchange,composite,spot
BCI,2026-09-02,5289.0,USD,points,Baltic Exchange,composite,spot
BPI,2026-09-02,2392.0,USD,points,Baltic Exchange,composite,spot
BSI,2026-09-02,1712.0,USD,points,Baltic Exchange,composite,spot
FRT-C5,2026-09-02,11.07,USD,USD/t,Baltic Exchange,C5,spot
FRT-C3,2026-09-02,22.4,USD,USD/t,Baltic Exchange,C3,spot
FRT-P1A_82,2026-09-02,21490.0,USD,USD/day,Baltic Exchange,P1A_82,spot
FRT-P2A_82,2026-09-02,24928.0,USD,USD/day,Baltic Exchange,P2A_82,spot
FRT-S1C_63,2026-09-02,20450.0,USD,USD/day,Baltic Exchange,S1C_63,spot
FRT-S10_63,2026-09-02,23307.0,USD,USD/day,Baltic Exchange,S10_63,spot
BDI,2026-09-03,3255.0,USD,points,Baltic Exchange,composite,spot
BCI,2026-09-03,5273.0,USD,points,Baltic Exchange,composite,spot
BPI,2026-09-03,2390.0,USD,points,Baltic Exchange,composite,spot
BSI,2026-09-03,1711.0,USD,points,Baltic Exchange,composite,spot
FRT-C5,2026-09-03,10.66,USD,USD/t,Baltic Exchange,C5,spot
FRT-C3,2026-09-03,21.89,USD,USD/t,Baltic Exchange,C3,spot
FRT-P1A_82,2026-09-03,21776.0,USD,USD/day,Baltic Exchange,P1A_82,spot
FRT-P2A_82,2026-09-03,25048.0,USD,USD/day,Baltic Exchange,P2A_82,spot
FRT-S1C_63,2026-09-03,20468.0,USD,USD/day,Baltic Exchange,S1C_63,spot
FRT-S10_63,2026-09-03,23199.0,USD,USD/day,Baltic Exchange,S10_63,spot
BDI,2026-09-04,3255.0,USD,points,Baltic Exchange,composite,spot
BCI,2026-09-04,5279.0,USD,points,Baltic Exchange,composite,spot
BPI,2026-09-04,2361.0,USD,points,Baltic Exchange,composite,spot
BSI,2026-09-04,1725.0,USD,points,Baltic Exchange,composite,spot
FRT-C5,2026-09-04,10.6,USD,USD/t,Baltic Exchange,C5,spot
FRT-C3,2026-09-04,21.67,USD,USD/t,Baltic Exchange,C3,spot
FRT-P1A_82,2026-09-04,21381.0,USD,USD/day,Baltic Exchange,P1A_82,spot
FRT-P2A_82,2026-09-04,24818.0,USD,USD/day,Baltic Exchange,P2A_82,spot
FRT-S1C_63,2026-09-04,20420.0,USD,USD/day,Baltic Exchange,S1C_63,spot
FRT-S10_63,2026-09-04,23289.0,USD,USD/day,Baltic Exchange,S10_63,spot
BDI,2026-09-07,3335.0,USD,points,Baltic Exchange,composite,spot
BCI,2026-09-07,5473.0,USD,points,Baltic Exchange,composite,spot
BPI,2026-09-07,2385.0,USD,points,Baltic Exchange,composite,spot
BSI,2026-09-07,1734.0,USD,points,Baltic Exchange,composite,spot
FRT-C5,2026-09-07,10.45,USD,USD/t,Baltic Exchange,C5,spot
FRT-C3,2026-09-07,21.72,USD,USD/t,Baltic Exchange,C3,spot
FRT-P1A_82,2026-09-07,21451.0,USD,USD/day,Baltic Exchange,P1A_82,spot
FRT-P2A_82,2026-09-07,25570.0,USD,USD/day,Baltic Exchange,P2A_82,spot
FRT-S1C_63,2026-09-07,20460.0,USD,USD/day,Baltic Exchange,S1C_63,spot
FRT-S10_63,2026-09-07,23387.0,USD,USD/day,Baltic Exchange,S10_63,spot
BDI,2026-09-08,3340.0,USD,points,Baltic Exchange,composite,spot
BCI,2026-09-08,5510.0,USD,points,Baltic Exchange,composite,spot
BPI,2026-09-08,2350.0,USD,points,Baltic Exchange,composite,spot
BSI,2026-09-08,1739.0,USD,points,Baltic Exchange,composite,spot
FRT-C5,2026-09-08,10.6,USD,USD/t,Baltic Exchange,C5,spot
FRT-C3,2026-09-08,22.41,USD,USD/t,Baltic Exchange,C3,spot
FRT-P1A_82,2026-09-08,21052.0,USD,USD/day,Baltic Exchange,P1A_82,spot
FRT-P2A_82,2026-09-08,25497.0,USD,USD/day,Baltic Exchange,P2A_82,spot
FRT-S1C_63,2026-09-08,20812.0,USD,USD/day,Baltic Exchange,S1C_63,spot
FRT-S10_63,2026-09-08,23247.0,USD,USD/day,Baltic Exchange,S10_63,spot
BDI,2026-09-09,3296.0,USD,points,Baltic Exchange,composite,spot
BCI,2026-09-09,5354.0,USD,points,Baltic Exchange,composite,spot
BPI,2026-09-09,2369.0,USD,points,Baltic Exchange,composite,spot
BSI,2026-09-09,1754.0,USD,points,Baltic Exchange,composite,spot
FRT-C5,2026-09-09,10.59,USD,USD/t,Baltic Exchange,C5,spot
FRT-C3,2026-09-09,22.25,USD,USD/t,Baltic Exchange,C3,spot
FRT-P1A_82,2026-09-09,21083.0,USD,USD/day,Baltic Exchange,P1A_82,spot
FRT-P2A_82,2026-09-09,25571.0,USD,USD/day,Baltic Exchange,P2A_82,spot
FRT-S1C_63,2026-09-09,20860.0,USD,USD/day,Baltic Exchange,S1C_63,spot
FRT-S10_63,2026-09-09,23239.0,USD,USD/day,Baltic Exchange,S10_63,spot
BDI,2026-09-10,3267.0,USD,points,Baltic Exchange,composite,spot
BCI,2026-09-10,5243.0,USD,points,Baltic Exchange,composite,spot
BPI,2026-09-10,2394.0,USD,points,Baltic Exchange,composite,spot
BSI,2026-09-10,1762.0,USD,points,Baltic Exchange,composite,spot
FRT-C5,2026-09-10,10.47,USD,USD/t,Baltic Exchange,C5,spot
FRT-C3,2026-09-10,23.12,USD,USD/t,Baltic Exchange,C3,spot
FRT-P1A_82,2026-09-10,20967.0,USD,USD/day,Baltic Exchange,P1A_82,spot
FRT-P2A_82,2026-09-10,25093.0,USD,USD/day,Baltic Exchange,P2A_82,spot
FRT-S1C_63,2026-09-10,20962.0,USD,USD/day,Baltic Exchange,S1C_63,spot
FRT-S10_63,2026-09-10,23323.0,USD,USD/day,Baltic Exchange,S10_63,spot
BDI,2026-09-11,3260.0,USD,points,Baltic Exchange,composite,spot
BCI,2026-09-11,5259.0,USD,points,Baltic Exchange,composite,spot
BPI,2026-09-11,2368.0,USD,points,Baltic Exchange,composite,spot
BSI,2026-09-11,1750.0,USD,points,Baltic Exchange,composite,spot
FRT-C5,2026-09-11,10.67,USD,USD/t,Baltic Exchange,C5,spot
FRT-C3,2026-09-11,23.1,USD,USD/t,Baltic Exchange,C3,spot
FRT-P1A_82,2026-09-11,20827.0,USD,USD/day,Baltic Exchange,P1A_82,spot
FRT-P2A_82,2026-09-11,24896.0,USD,USD/day,Baltic Exchange,P2A_82,spot
FRT-S1C_63,2026-09-11,21175.0,USD,USD/day,Baltic Exchange,S1C_63,spot
FRT-S10_63,2026-09-11,23047.0,USD,USD/day,Baltic Exchange,S10_63,spot
BDI,2026-09-14,3286.0,USD,points,Baltic Exchange,composite,spot
BCI,2026-09-14,5356.0,USD,points,Baltic Exchange,composite,spot
BPI,2026-09-14,2350.0,USD,points,Baltic Exchange,composite,spot
BSI,2026-09-14,1742.0,USD,points,Baltic Exchange,composite,spot
FRT-C5,2026-09-14,10.49,USD,USD/t,Baltic Exchange,C5,spot
FRT-C3,2026-09-14,23.67,USD,USD/t,Baltic Exchange,C3,spot
FRT-P1A_82,2026-09-14,21252.0,USD,USD/day,Baltic Exchange,P1A_82,spot
FRT-P2A_82,2026-09-14,24916.0,USD,USD/day,Baltic Exchange,P2A_82,spot
FRT-S1C_63,2026-09-14,21294.0,USD,USD/day,Baltic Exchange,S1C_63,spot
FRT-S10_63,2026-09-14,23010.0,USD,USD/day,Baltic Exchange,S10_63,spot
BDI,2026-09-15,3337.0,USD,points,Baltic Exchange,composite,spot
BCI,2026-09-15,5531.0,USD,points,Baltic Exchange,composite,spot
BPI,2026-09-15,2276.0,USD,points,Baltic Exchange,composite,spot
BSI,2026-09-15,1766.0,USD,points,Baltic Exchange,composite,spot
FRT-C5,2026-09-15,10.37,USD,USD/t,Baltic Exchange,C5,spot
FRT-C3,2026-09-15,23.85,USD,USD/t,Baltic Exchange,C3,spot
FRT-P1A_82,2026-09-15,21116.0,USD,USD/day,Baltic Exchange,P1A_82,spot
FRT-P2A_82,2026-09-15,25182.0,USD,USD/day,Baltic Exchange,P2A_82,spot
FRT-S1C_63,2026-09-15,21309.0,USD,USD/day,Baltic Exchange,S1C_63,spot
FRT-S10_63,2026-09-15,23106.0,USD,USD/day,Baltic Exchange,S10_63,spot
BDI,2026-09-16,3337.0,USD,points,Baltic Exchange,composite,spot
BCI,2026-09-16,5567.0,USD,points,Baltic Exchange,composite,spot
BPI,2026-09-16,2235.0,USD,points,Baltic Exchange,composite,spot
BSI,2026-09-16,1764.0,USD,points,Baltic Exchange,composite,spot
FRT-C5,2026-09-16,10.25,USD,USD/t,Baltic Exchange,C5,spot
FRT-C3,2026-09-16,24.28,USD,USD/t,Baltic Exchange,C3,spot
FRT-P1A_82,2026-09-16,20782.0,USD,USD/day,Baltic Exchange,P1A_82,spot
FRT-P2A_82,2026-09-16,25761.0,USD,USD/day,Baltic Exchange,P2A_82,spot
FRT-S1C_63,2026-09-16,21502.0,USD,USD/day,Baltic Exchange,S1C_63,spot
FRT-S10_63,2026-09-16,22922.0,USD,USD/day,Baltic Exchange,S10_63,spot
BDI,2026-09-17,3350.0,USD,points,Baltic Exchange,composite,spot
BCI,2026-09-17,5585.0,USD,points,Baltic Exchange,composite,spot
BPI,2026-09-17,2250.0,USD,points,Baltic Exchange,composite,spot
BSI,2026-09-17,1769.0,USD,points,Baltic Exchange,composite,spot
FRT-C5,2026-09-17,10.37,USD,USD/t,Baltic Exchange,C5,spot
FRT-C3,2026-09-17,23.79,USD,USD/t,Baltic Exchange,C3,spot
FRT-P1A_82,2026-09-17,21320.0,USD,USD/day,Baltic Exchange,P1A_82,spot
FRT-P2A_82,2026-09-17,25990.0,USD,USD/day,Baltic Exchange,P2A_82,spot
FRT-S1C_63,2026-09-17,21381.0,USD,USD/day,Baltic Exchange,S1C_63,spot
FRT-S10_63,2026-09-17,23033.0,USD,USD/day,Baltic Exchange,S10_63,spot
BDI,2026-09-18,3327.0,USD,points,Baltic Exchange,composite,spot
BCI,2026-09-18,5551.0,USD,points,Baltic Exchange,composite,spot
BPI,2026-09-18,2220.0,USD,points,Baltic Exchange,composite,spot
BSI,2026-09-18,1764.0,USD,points,Baltic Exchange,composite,spot
FRT-C5,2026-09-18,10.85,USD,USD/t,Baltic Exchange,C5,spot
FRT-C3,2026-09-18,23.92,USD,USD/t,Baltic Exchange,C3,spot
FRT-P1A_82,2026-09-18,21319.0,USD,USD/day,Baltic Exchange,P1A_82,spot
FRT-P2A_82,2026-09-18,26376.0,USD,USD/day,Baltic Exchange,P2A_82,spot
FRT-S1C_63,2026-09-18,21466.0,USD,USD/day,Baltic Exchange,S1C_63,spot
FRT-S10_63,2026-09-18,23194.0,USD,USD/day,Baltic Exchange,S10_63,spot
BDI,2026-09-21,3315.0,USD,points,Baltic Exchange,composite,spot
BCI,2026-09-21,5509.0,USD,points,Baltic Exchange,composite,spot
BPI,2026-09-21,2241.0,USD,points,Baltic Exchange,composite,spot
BSI,2026-09-21,1756.0,USD,points,Baltic Exchange,composite,spot
FRT-C5,2026-09-21,10.98,USD,USD/t,Baltic Exchange,C5,spot
FRT-C3,2026-09-21,24.35,USD,USD/t,Baltic Exchange,C3,spot
FRT-P1A_82,2026-09-21,21118.0,USD,USD/day,Baltic Exchange,P1A_82,spot
FRT-P2A_82,2026-09-21,25711.0,USD,USD/day,Baltic Exchange,P2A_82,spot
FRT-S1C_63,2026-09-21,21554.0,USD,USD/day,Baltic Exchange,S1C_63,spot
FRT-S10_63,2026-09-21,23081.0,USD,USD/day,Baltic Exchange,S10_63,spot
BDI,2026-09-22,3333.0,USD,points,Baltic Exchange,composite,spot
BCI,2026-09-22,5560.0,USD,points,Baltic Exchange,composite,spot
BPI,2026-09-22,2248.0,USD,points,Baltic Exchange,composite,spot
BSI,2026-09-22,1750.0,USD,points,Baltic Exchange,composite,spot
FRT-C5,2026-09-22,11.14,USD,USD/t,Baltic Exchange,C5,spot
FRT-C3,2026-09-22,24.88,USD,USD/t,Baltic Exchange,C3,spot
FRT-P1A_82,2026-09-22,20944.0,USD,USD/day,Baltic Exchange,P1A_82,spot
FRT-P2A_82,2026-09-22,26384.0,USD,USD/day,Baltic Exchange,P2A_82,spot
FRT-S1C_63,2026-09-22,21633.0,USD,USD/day,Baltic Exchange,S1C_63,spot
FRT-S10_63,2026-09-22,23123.0,USD,USD/day,Baltic Exchange,S10_63,spot
BDI,2026-09-23,3255.0,USD,points,Baltic Exchange,composite,spot
BCI,2026-09-23,5327.0,USD,points,Baltic Exchange,composite,spot
BPI,2026-09-23,2258.0,USD,points,Baltic Exchange,composite,spot
BSI,2026-09-23,1755.0,USD,points,Baltic Exchange,composite,spot
FRT-C5,2026-09-23,11.07,USD,USD/t,Baltic Exchange,C5,spot
FRT-C3,2026-09-23,24.96,USD,USD/t,Baltic Exchange,C3,spot
FRT-P1A_82,2026-09-23,21119.0,USD,USD/day,Baltic Exchange,P1A_82,spot
FRT-P2A_82,2026-09-23,26512.0,USD,USD/day,Baltic Exchange,P2A_82,spot
FRT-S1C_63,2026-09-23,21440.0,USD,USD/day,Baltic Exchange,S1C_63,spot
FRT-S10_63,2026-09-23,23179.0,USD,USD/day,Baltic Exchange,S10_63,spot
BDI,2026-09-24,3249.0,USD,points,Baltic Exchange,composite,spot
BCI,2026-09-24,5308.0,USD,points,Baltic Exchange,composite,spot
BPI,2026-09-24,2251.0,USD,points,Baltic Exchange,composite,spot
BSI,2026-09-24,1762.0,USD,points,Baltic Exchange,composite,spot
FRT-C5,2026-09-24,11.13,USD,USD/t,Baltic Exchange,C5,spot
FRT-C3,2026-09-24,25.09,USD,USD/t,Baltic Exchange,C3,spot
FRT-P1A_82,2026-09-24,21344.0,USD,USD/day,Baltic Exchange,P1A_82,spot
FRT-P2A_82,2026-09-24,26464.0,USD,USD/day,Baltic Exchange,P2A_82,spot
FRT-S1C_63,2026-09-24,21432.0,USD,USD/day,Baltic Exchange,S1C_63,spot
FRT-S10_63,2026-09-24,22859.0,USD,USD/day,Baltic Exchange,S10_63,spot
BDI,2026-09-25,3294.0,USD,points,Baltic Exchange,composite,spot
BCI,2026-09-25,5413.0,USD,points,Baltic Exchange,composite,spot
BPI,2026-09-25,2275.0,USD,points,Baltic Exchange,composite,spot
BSI,2026-09-25,1765.0,USD,points,Baltic Exchange,composite,spot
FRT-C5,2026-09-25,11.13,USD,USD/t,Baltic Exchange,C5,spot
FRT-C3,2026-09-25,25.08,USD,USD/t,Baltic Exchange,C3,spot
FRT-P1A_82,2026-09-25,20583.0,USD,USD/day,Baltic Exchange,P1A_82,spot
FRT-P2A_82,2026-09-25,25946.0,USD,USD/day,Baltic Exchange,P2A_82,spot
FRT-S1C_63,2026-09-25,21681.0,USD,USD/day,Baltic Exchange,S1C_63,spot
FRT-S10_63,2026-09-25,22765.0,USD,USD/day,Baltic Exchange,S10_63,spot
BDI,2026-09-28,3295.0,USD,points,Baltic Exchange,composite,spot
BCI,2026-09-28,5396.0,USD,points,Baltic Exchange,composite,spot
BPI,2026-09-28,2288.0,USD,points,Baltic Exchange,composite,spot
BSI,2026-09-28,1772.0,USD,points,Baltic Exchange,composite,spot
FRT-C5,2026-09-28,10.81,USD,USD/t,Baltic Exchange,C5,spot
FRT-C3,2026-09-28,25.68,USD,USD/t,Baltic Exchange,C3,spot
FRT-P1A_82,2026-09-28,20796.0,USD,USD/day,Baltic Exchange,P1A_82,spot
FRT-P2A_82,2026-09-28,26478.0,USD,USD/day,Baltic Exchange,P2A_82,spot
FRT-S1C_63,2026-09-28,21824.0,USD,USD/day,Baltic Exchange,S1C_63,spot
FRT-S10_63,2026-09-28,22983.0,USD,USD/day,Baltic Exchange,S10_63,spot
BDI,2026-09-29,3433.0,USD,points,Baltic Exchange,composite,spot
BCI,2026-09-29,5781.0,USD,points,Baltic Exchange,composite,spot
BPI,2026-09-29,2280.0,USD,points,Baltic Exchange,composite,spot
BSI,2026-09-29,1781.0,USD,points,Baltic Exchange,composite,spot
FRT-C5,2026-09-29,11.02,USD,USD/t,Baltic Exchange,C5,spot
FRT-C3,2026-09-29,25.89,USD,USD/t,Baltic Exchange,C3,spot
FRT-P1A_82,2026-09-29,21051.0,USD,USD/day,Baltic Exchange,P1A_82,spot
FRT-P2A_82,2026-09-29,26589.0,USD,USD/day,Baltic Exchange,P2A_82,spot
FRT-S1C_63,2026-09-29,21869.0,USD,USD/day,Baltic Exchange,S1C_63,spot
FRT-S10_63,2026-09-29,23078.0,USD,USD/day,Baltic Exchange,S10_63,spot
BDI,2026-09-30,3268.0,USD,points,Baltic Exchange,composite,spot
BCI,2026-09-30,5348.0,USD,points,Baltic Exchange,composite,spot
BPI,2026-09-30,2240.0,USD,points,Baltic Exchange,composite,spot
BSI,2026-09-30,1782.0,USD,points,Baltic Exchange,composite,spot
FRT-C5,2026-09-30,10.9,USD,USD/t,Baltic Exchange,C5,spot
FRT-C3,2026-09-30,25.6,USD,USD/t,Baltic Exchange,C3,spot
FRT-P1A_82,2026-09-30,21500.0,USD,USD/day,Baltic Exchange,P1A_82,spot
FRT-P2A_82,2026-09-30,27500.0,USD,USD/day,Baltic Exchange,P2A_82,spot
FRT-S1C_63,2026-09-30,21800.0,USD,USD/day,Baltic Exchange,S1C_63,spot
FRT-S10_63,2026-09-30,23100.0,USD,USD/day,Baltic Exchange,S10_63,spot
