date,baltic_dry_index,c5tc_freight_rate_usd,vlsfo_bunker_singapore_usd,mgo_bunker_fujairah_usd
2022-01-04,2285.0,16.0,899.59,1562.16
2022-01-05,2289.0,16.02,900.14,1563.11
2022-01-06,2296.0,16.07,901.1,1564.79
2022-01-07,2289.0,16.02,900.14,1563.11
2022-01-08,2289.0,16.02,900.14,1563.11
2022-01-09,2289.0,16.02,900.14,1563.11
2022-01-10,2277.0,15.94,898.48,1560.24
2022-01-11,2151.0,15.06,881.11,1530.07
2022-01-12,2027.0,14.19,864.01,1500.38
2022-01-13,1873.0,13.11,842.77,1463.5
2022-01-14,1764.0,12.35,827.74,1437.4
2022-01-15,1764.0,12.35,827.74,1437.4
2022-01-16,1764.0,12.35,827.74,1437.4
2022-01-17,1731.0,12.12,823.19,1429.5
2022-01-18,1644.0,11.51,811.2,1408.67
2022-01-19,1570.0,10.99,800.99,1390.95
2022-01-20,1474.0,10.32,787.76,1367.96
2022-01-21,1415.0,9.9,779.62,1353.83
2022-01-22,1415.0,9.9,779.62,1353.83
2022-01-23,1415.0,9.9,779.62,1353.83
2022-01-24,1391.0,9.74,776.31,1348.08
2022-01-25,1343.0,9.4,769.69,1336.59
2022-01-26,1296.0,9.07,763.21,1325.33
2022-01-27,1302.0,9.11,764.04,1326.77
2022-01-28,1381.0,9.67,774.93,1345.69
2022-01-29,1381.0,9.67,774.93,1345.69
2022-01-30,1381.0,9.67,774.93,1345.69
2022-01-31,1418.0,9.93,780.03,1354.55
2022-02-01,1440.0,10.08,783.07,1359.82
2022-02-02,1419.0,9.93,780.17,1354.79
2022-02-03,1425.0,9.98,781.0,1356.22
2022-02-04,1423.0,9.96,780.72,1355.75
2022-02-05,1423.0,9.96,780.72,1355.75
2022-02-06,1423.0,9.96,780.72,1355.75
2022-02-07,1422.0,9.95,780.58,1355.51
2022-02-08,1503.0,10.52,791.75,1374.9
2022-02-09,1711.0,11.98,820.44,1424.71
2022-02-10,1940.0,13.58,852.01,1479.54
2022-02-11,1977.0,13.84,857.12,1488.4
2022-02-12,1977.0,13.84,857.12,1488.4
2022-02-13,1977.0,13.84,857.12,1488.4
2022-02-14,1984.0,13.89,858.08,1490.08
2022-02-15,1968.0,13.78,855.87,1486.25
2022-02-16,1896.0,13.27,845.95,1469.01
2022-02-17,1886.0,13.2,844.57,1466.61
2022-02-18,1964.0,13.75,855.32,1485.29
2022-02-19,1964.0,13.75,855.32,1485.29
2022-02-20,1964.0,13.75,855.32,1485.29
2022-02-21,2045.0,14.32,866.49,1504.69
2022-02-22,2148.0,15.04,880.7,1529.35
2022-02-23,2244.0,15.71,893.93,1552.34
2022-02-24,2187.0,15.31,886.07,1538.69
2022-02-25,2076.0,14.53,870.77,1512.11
2022-02-26,2076.0,14.53,870.77,1512.11
2022-02-27,2076.0,14.53,870.77,1512.11
2022-02-28,2040.0,14.28,865.8,1503.49
2022-03-01,2069.0,14.48,869.8,1510.43
2022-03-02,2137.0,14.96,879.18,1526.72
2022-03-03,2104.0,14.73,874.63,1518.82
2022-03-04,2148.0,15.04,880.7,1529.35
2022-03-05,2148.0,15.04,880.7,1529.35
2022-03-06,2148.0,15.04,880.7,1529.35
2022-03-07,2235.0,15.64,892.69,1550.18
2022-03-08,2352.0,16.46,908.83,1578.2
2022-03-09,2558.0,17.91,937.23,1627.53
2022-03-10,2704.0,18.93,957.36,1662.49
2022-03-11,2718.0,19.03,959.29,1665.84
2022-03-12,2718.0,19.03,959.29,1665.84
2022-03-13,2718.0,19.03,959.29,1665.84
2022-03-14,2727.0,19.09,960.54,1668.0
2022-03-15,2689.0,18.82,955.3,1658.9
2022-03-16,2591.0,18.14,941.78,1635.43
2022-03-17,2588.0,18.12,941.37,1634.71
2022-03-18,2605.0,18.24,943.71,1638.78
2022-03-19,2605.0,18.24,943.71,1638.78
2022-03-20,2605.0,18.24,943.71,1638.78
2022-03-21,2589.0,18.12,941.51,1634.95
2022-03-22,2546.0,17.82,935.58,1624.66
2022-03-23,2575.0,18.03,939.58,1631.6
2022-03-24,2567.0,17.97,938.47,1629.68
2022-03-25,2544.0,17.81,935.3,1624.18
2022-03-26,2544.0,17.81,935.3,1624.18
2022-03-27,2544.0,17.81,935.3,1624.18
2022-03-28,2484.0,17.39,927.03,1609.81
2022-03-29,2417.0,16.92,917.79,1593.77
2022-03-30,2369.0,16.58,911.17,1582.27
2022-03-31,2358.0,16.51,909.65,1579.64
2022-04-01,2357.0,16.5,909.52,1579.4
2022-04-02,2357.0,16.5,909.52,1579.4
2022-04-03,2357.0,16.5,909.52,1579.4
2022-04-04,2307.0,16.15,902.62,1567.43
2022-04-05,2213.0,15.49,889.66,1544.92
2022-04-06,2128.0,14.9,877.94,1524.56
2022-04-07,2061.0,14.43,868.7,1508.52
2022-04-08,2055.0,14.38,867.87,1507.08
2022-04-09,2055.0,14.38,867.87,1507.08
2022-04-10,2055.0,14.38,867.87,1507.08
2022-04-11,2031.0,14.22,864.56,1501.34
2022-04-12,2035.0,14.24,865.11,1502.29
2022-04-13,2068.0,14.48,869.66,1510.2
2022-04-14,2137.0,14.96,879.18,1526.72
2022-04-15,2137.0,14.96,879.18,1526.72
2022-04-16,2137.0,14.96,879.18,1526.72
2022-04-17,2137.0,14.96,879.18,1526.72
2022-04-18,2137.0,14.96,879.18,1526.72
2022-04-19,2115.0,14.8,876.15,1521.45
2022-04-20,2142.0,14.99,879.87,1527.91
2022-04-21,2239.0,15.67,893.24,1551.14
2022-04-22,2307.0,16.15,902.62,1567.43
2022-04-23,2307.0,16.15,902.62,1567.43
2022-04-24,2307.0,16.15,902.62,1567.43
2022-04-25,2356.0,16.49,909.38,1579.16
2022-04-26,2404.0,16.83,916.0,1590.65
2022-04-27,2425.0,16.98,918.89,1595.68
2022-04-28,2403.0,16.82,915.86,1590.41
2022-04-29,2404.0,16.83,916.0,1590.65
2022-04-30,2404.0,16.83,916.0,1590.65
2022-05-01,2404.0,16.83,916.0,1590.65
2022-05-02,2404.0,16.83,916.0,1590.65
2022-05-03,2412.0,16.88,917.1,1592.57
2022-05-04,2485.0,17.4,927.17,1610.05
2022-05-05,2644.0,18.51,949.09,1648.12
2022-05-06,2718.0,19.03,959.29,1665.84
2022-05-07,2718.0,19.03,959.29,1665.84
2022-05-08,2718.0,19.03,959.29,1665.84
2022-05-09,2831.0,19.82,974.88,1692.9
2022-05-10,2939.0,20.57,989.77,1718.76
2022-05-11,3052.0,21.36,1005.35,1745.82
2022-05-12,3117.0,21.82,1014.31,1761.38
2022-05-13,3104.0,21.73,1012.52,1758.27
2022-05-14,3104.0,21.73,1012.52,1758.27
2022-05-15,3104.0,21.73,1012.52,1758.27
2022-05-16,3085.0,21.6,1009.9,1753.72
2022-05-17,3095.0,21.66,1011.28,1756.12
2022-05-18,3189.0,22.32,1024.24,1778.63
2022-05-19,3289.0,23.02,1038.03,1802.57
2022-05-20,3344.0,23.41,1045.62,1815.74
2022-05-21,3344.0,23.41,1045.62,1815.74
2022-05-22,3344.0,23.41,1045.62,1815.74
2022-05-23,3369.0,23.58,1049.06,1821.73
2022-05-24,3253.0,22.77,1033.07,1793.95
2022-05-25,3127.0,21.89,1015.69,1763.78
2022-05-26,2933.0,20.53,988.94,1717.32
2022-05-27,2681.0,18.77,954.19,1656.98
2022-05-28,2681.0,18.77,954.19,1656.98
2022-05-29,2681.0,18.77,954.19,1656.98
2022-05-30,2571.0,18.0,939.02,1630.64
2022-05-31,2566.0,17.96,938.34,1629.44
2022-06-01,2633.0,18.43,947.57,1645.49
2022-06-02,2633.0,18.43,947.57,1645.49
2022-06-03,2633.0,18.43,947.57,1645.49
2022-06-04,2633.0,18.43,947.57,1645.49
2022-06-05,2633.0,18.43,947.57,1645.49
2022-06-06,2560.0,17.92,937.51,1628.01
2022-06-07,2514.0,17.6,931.16,1616.99
2022-06-08,2410.0,16.87,916.82,1592.09
2022-06-09,2342.0,16.39,907.45,1575.81
2022-06-10,2320.0,16.24,904.41,1570.54
2022-06-11,2320.0,16.24,904.41,1570.54
2022-06-12,2320.0,16.24,904.41,1570.54
2022-06-13,2260.0,15.82,896.14,1556.17
2022-06-14,2284.0,15.99,899.45,1561.92
2022-06-15,2387.0,16.71,913.65,1586.58
2022-06-16,2462.0,17.23,923.99,1604.54
2022-06-17,2578.0,18.05,939.99,1632.32
2022-06-18,2578.0,18.05,939.99,1632.32
2022-06-19,2578.0,18.05,939.99,1632.32
2022-06-20,2596.0,18.17,942.47,1636.63
2022-06-21,2484.0,17.39,927.03,1609.81
2022-06-22,2349.0,16.44,908.41,1577.48
2022-06-23,2354.0,16.48,909.1,1578.68
2022-06-24,2331.0,16.32,905.93,1573.17
2022-06-25,2331.0,16.32,905.93,1573.17
2022-06-26,2331.0,16.32,905.93,1573.17
2022-06-27,2295.0,16.07,900.97,1564.55
2022-06-28,2204.0,15.43,888.42,1542.76
2022-06-29,2186.0,15.3,885.94,1538.45
2022-06-30,2240.0,15.68,893.38,1551.38
2022-07-01,2214.0,15.5,889.8,1545.16
2022-07-02,2214.0,15.5,889.8,1545.16
2022-07-03,2214.0,15.5,889.8,1545.16
2022-07-04,2159.0,15.11,882.21,1531.99
2022-07-05,2098.0,14.69,873.8,1517.38
2022-07-06,2043.0,14.3,866.22,1504.21
2022-07-07,2073.0,14.51,870.35,1511.39
2022-07-08,2067.0,14.47,869.53,1509.96
2022-07-09,2067.0,14.47,869.53,1509.96
2022-07-10,2067.0,14.47,869.53,1509.96
2022-07-11,2081.0,14.57,871.46,1513.31
2022-07-12,2013.0,14.09,862.08,1497.02
2022-07-13,2002.0,14.01,860.56,1494.39
2022-07-14,2010.0,14.07,861.67,1496.31
2022-07-15,2150.0,15.05,880.97,1529.83
2022-07-16,2150.0,15.05,880.97,1529.83
2022-07-17,2150.0,15.05,880.97,1529.83
2022-07-18,2162.0,15.13,882.63,1532.7
2022-07-19,2145.0,15.02,880.28,1528.63
2022-07-20,2113.0,14.79,875.87,1520.97
2022-07-21,2118.0,14.83,876.56,1522.17
2022-07-22,2146.0,15.02,880.42,1528.87
2022-07-23,2146.0,15.02,880.42,1528.87
2022-07-24,2146.0,15.02,880.42,1528.87
2022-07-25,2114.0,14.8,876.01,1521.21
2022-07-26,2061.0,14.43,868.7,1508.52
2022-07-27,2007.0,14.05,861.25,1495.59
2022-07-28,1945.0,13.62,852.7,1480.74
2022-07-29,1895.0,13.26,845.81,1468.77
2022-07-30,1895.0,13.26,845.81,1468.77
2022-07-31,1895.0,13.26,845.81,1468.77
2022-08-01,1872.0,13.1,842.64,1463.26
2022-08-02,1817.0,12.72,835.05,1450.09
2022-08-03,1731.0,12.12,823.19,1429.5
2022-08-04,1603.0,11.22,805.54,1398.85
2022-08-05,1560.0,10.92,799.61,1388.55
2022-08-06,1560.0,10.92,799.61,1388.55
2022-08-07,1560.0,10.92,799.61,1388.55
2022-08-08,1566.0,10.96,800.44,1389.99
2022-08-09,1564.0,10.95,800.17,1389.51
2022-08-10,1592.0,11.14,804.03,1396.21
2022-08-11,1556.0,10.89,799.06,1387.59
2022-08-12,1477.0,10.34,788.17,1368.68
2022-08-13,1477.0,10.34,788.17,1368.68
2022-08-14,1477.0,10.34,788.17,1368.68
2022-08-15,1404.0,9.83,778.1,1351.2
2022-08-16,1387.0,9.71,775.76,1347.13
2022-08-17,1394.0,9.76,776.72,1348.8
2022-08-18,1320.0,9.24,766.52,1331.08
2022-08-19,1279.0,8.95,760.87,1321.26
2022-08-20,1279.0,8.95,760.87,1321.26
2022-08-21,1279.0,8.95,760.87,1321.26
2022-08-22,1270.0,8.89,759.62,1319.11
2022-08-23,1271.0,8.9,759.76,1319.35
2022-08-24,1213.0,8.49,751.76,1305.46
2022-08-25,1123.0,7.86,739.35,1283.91
2022-08-26,1082.0,7.57,733.7,1274.09
2022-08-27,1082.0,7.57,733.7,1274.09
2022-08-28,1082.0,7.57,733.7,1274.09
2022-08-29,1082.0,7.57,733.7,1274.09
2022-08-30,1017.0,7.12,724.74,1258.53
2022-08-31,965.0,6.76,717.57,1246.08
2022-09-01,1002.0,7.01,722.67,1254.93
2022-09-02,1086.0,7.6,734.25,1275.05
2022-09-03,1086.0,7.6,734.25,1275.05
2022-09-04,1086.0,7.6,734.25,1275.05
2022-09-05,1133.0,7.93,740.73,1286.3
2022-09-06,1114.0,7.8,738.11,1281.75
2022-09-07,1133.0,7.93,740.73,1286.3
2022-09-08,1178.0,8.25,746.94,1297.08
2022-09-09,1213.0,8.49,751.76,1305.46
2022-09-10,1213.0,8.49,751.76,1305.46
2022-09-11,1213.0,8.49,751.76,1305.46
2022-09-12,1256.0,8.79,757.69,1315.76
2022-09-13,1408.0,9.86,778.65,1352.15
2022-09-14,1595.0,11.16,804.44,1396.93
2022-09-15,1612.0,11.28,806.78,1401.0
2022-09-16,1553.0,10.87,798.65,1386.88
2022-09-17,1553.0,10.87,798.65,1386.88
2022-09-18,1553.0,10.87,798.65,1386.88
2022-09-19,1553.0,10.87,798.65,1386.88
2022-09-20,1729.0,12.1,822.92,1429.02
2022-09-21,1729.0,12.1,822.92,1429.02
2022-09-22,1729.0,12.1,822.92,1429.02
2022-09-23,1729.0,12.1,822.92,1429.02
2022-09-24,1729.0,12.1,822.92,1429.02
2022-09-25,1729.0,12.1,822.92,1429.02
2022-09-26,1813.0,12.69,834.5,1449.13
2022-09-27,1807.0,12.65,833.67,1447.7
2022-09-28,1799.0,12.59,832.57,1445.78
2022-09-29,1757.0,12.3,826.78,1435.72
2022-09-30,1760.0,12.32,827.19,1436.44
2022-10-01,1760.0,12.32,827.19,1436.44
2022-10-02,1760.0,12.32,827.19,1436.44
2022-10-03,1788.0,12.52,831.05,1443.15
2022-10-04,1865.0,13.06,841.67,1461.59
2022-10-05,1996.0,13.97,859.74,1492.95
2022-10-06,1992.0,13.94,859.18,1492.0
2022-10-07,1961.0,13.73,854.91,1484.57
2022-10-08,1961.0,13.73,854.91,1484.57
2022-10-09,1961.0,13.73,854.91,1484.57
2022-10-10,1944.0,13.61,852.57,1480.5
2022-10-11,1904.0,13.33,847.05,1470.92
2022-10-12,1873.0,13.11,842.77,1463.5
2022-10-13,1818.0,12.73,835.19,1450.33
2022-10-14,1838.0,12.87,837.95,1455.12
2022-10-15,1838.0,12.87,837.95,1455.12
2022-10-16,1838.0,12.87,837.95,1455.12
2022-10-17,1843.0,12.9,838.64,1456.32
2022-10-18,1875.0,13.12,843.05,1463.98
2022-10-19,1871.0,13.1,842.5,1463.02
2022-10-20,1837.0,12.86,837.81,1454.88
2022-10-21,1819.0,12.73,835.33,1450.57
2022-10-22,1819.0,12.73,835.33,1450.57
2022-10-23,1819.0,12.73,835.33,1450.57
2022-10-24,1797.0,12.58,832.29,1445.3
2022-10-25,1755.0,12.28,826.5,1435.25
2022-10-26,1706.0,11.94,819.75,1423.51
2022-10-27,1612.0,11.28,806.78,1401.0
2022-10-28,1534.0,10.74,796.03,1382.33
2022-10-29,1534.0,10.74,796.03,1382.33
2022-10-30,1534.0,10.74,796.03,1382.33
2022-10-31,1463.0,10.24,786.24,1365.32
2022-11-01,1377.0,9.64,774.38,1344.73
2022-11-02,1321.0,9.25,766.66,1331.32
2022-11-03,1290.0,9.03,762.38,1323.9
2022-11-04,1323.0,9.26,766.93,1331.8
2022-11-05,1323.0,9.26,766.93,1331.8
2022-11-06,1323.0,9.26,766.93,1331.8
2022-11-07,1337.0,9.36,768.86,1335.15
2022-11-08,1356.0,9.49,771.48,1339.7
2022-11-09,1393.0,9.75,776.59,1348.56
2022-11-10,1390.0,9.73,776.17,1347.84
2022-11-11,1355.0,9.48,771.35,1339.46
2022-11-12,1355.0,9.48,771.35,1339.46
2022-11-13,1355.0,9.48,771.35,1339.46
2022-11-14,1325.0,9.28,767.21,1332.28
2022-11-15,1300.0,9.1,763.76,1326.29
2022-11-16,1288.0,9.02,762.11,1323.42
2022-11-17,1228.0,8.6,753.83,1309.05
2022-11-18,1189.0,8.32,748.46,1299.71
2022-11-19,1189.0,8.32,748.46,1299.71
2022-11-20,1189.0,8.32,748.46,1299.71
2022-11-21,1177.0,8.24,746.8,1296.84
2022-11-22,1149.0,8.04,742.94,1290.13
2022-11-23,1184.0,8.29,747.77,1298.52
2022-11-24,1242.0,8.69,755.76,1312.4
2022-11-25,1242.0,8.69,755.76,1312.4
2022-11-26,1242.0,8.69,755.76,1312.4
2022-11-27,1242.0,8.69,755.76,1312.4
2022-11-28,1347.0,9.43,770.24,1337.55
2022-11-29,1327.0,9.29,767.48,1332.76
2022-11-30,1355.0,9.48,771.35,1339.46
2022-12-01,1338.0,9.37,769.0,1335.39
2022-12-02,1324.0,9.27,767.07,1332.04
2022-12-03,1324.0,9.27,767.07,1332.04
2022-12-04,1324.0,9.27,767.07,1332.04
2022-12-05,1323.0,9.26,766.93,1331.8
2022-12-06,1340.0,9.38,769.28,1335.87
2022-12-07,1373.0,9.61,773.83,1343.77
2022-12-08,1385.0,9.7,775.48,1346.65
2022-12-09,1386.0,9.7,775.62,1346.89
2022-12-10,1386.0,9.7,775.62,1346.89
2022-12-11,1386.0,9.7,775.62,1346.89
2022-12-12,1361.0,9.53,772.17,1340.9
2022-12-13,1357.0,9.5,771.62,1339.94
2022-12-14,1401.0,9.81,777.69,1350.48
2022-12-15,1528.0,10.7,795.2,1380.89
2022-12-16,1560.0,10.92,799.61,1388.55
2022-12-17,1560.0,10.92,799.61,1388.55
2022-12-18,1560.0,10.92,799.61,1388.55
2022-12-19,1548.0,10.84,797.96,1385.68
2022-12-20,1596.0,11.17,804.58,1397.17
2022-12-21,1723.0,12.06,822.09,1427.58
2022-12-22,1650.0,11.55,812.02,1410.1
2022-12-23,1515.0,10.6,793.41,1377.78
2022-12-24,1515.0,10.6,793.41,1377.78
2022-12-25,1515.0,10.6,793.41,1377.78
2022-12-26,1515.0,10.6,793.41,1377.78
2022-12-27,1515.0,10.6,793.41,1377.78
2022-12-28,1515.0,10.6,793.41,1377.78
2022-12-29,1515.0,10.6,793.41,1377.78
2022-12-30,1515.0,10.6,793.41,1377.78
2022-12-31,1515.0,10.6,793.41,1377.78
2023-01-01,1515.0,10.6,793.41,1377.78
2023-01-02,1515.0,10.6,793.41,1377.78
2023-01-03,1250.0,8.75,756.87,1314.32
2023-01-04,1176.0,8.23,746.66,1296.6
2023-01-05,1146.0,8.02,742.53,1289.42
2023-01-06,1130.0,7.91,740.32,1285.59
2023-01-07,1130.0,7.91,740.32,1285.59
2023-01-08,1130.0,7.91,740.32,1285.59
2023-01-09,1139.0,7.97,741.56,1287.74
2023-01-10,1096.0,7.67,735.63,1277.44
2023-01-11,1043.0,7.3,728.32,1264.75
2023-01-12,976.0,6.83,719.08,1248.71
2023-01-13,946.0,6.62,714.95,1241.53
2023-01-14,946.0,6.62,714.95,1241.53
2023-01-15,946.0,6.62,714.95,1241.53
2023-01-16,946.0,6.62,714.95,1241.53
2023-01-17,921.0,6.45,711.5,1235.54
2023-01-18,874.0,6.12,705.02,1224.28
2023-01-19,801.0,5.61,694.95,1206.8
2023-01-20,763.0,5.34,689.71,1197.7
2023-01-21,763.0,5.34,689.71,1197.7
2023-01-22,763.0,5.34,689.71,1197.7
2023-01-23,740.0,5.18,686.54,1192.2
2023-01-24,721.0,5.05,683.92,1187.65
2023-01-25,703.0,4.92,681.44,1183.34
2023-01-26,677.0,4.74,677.85,1177.11
2023-01-27,676.0,4.73,677.72,1176.87
2023-01-28,676.0,4.73,677.72,1176.87
2023-01-29,676.0,4.73,677.72,1176.87
2023-01-30,680.0,4.76,678.27,1177.83
2023-01-31,681.0,4.77,678.41,1178.07
2023-02-01,668.0,4.68,676.61,1174.96
2023-02-02,640.0,4.48,672.75,1168.25
2023-02-03,621.0,4.35,670.13,1163.7
2023-02-04,621.0,4.35,670.13,1163.7
2023-02-05,621.0,4.35,670.13,1163.7
2023-02-06,608.0,4.26,668.34,1160.59
2023-02-07,601.0,4.21,667.37,1158.91
2023-02-08,603.0,4.22,667.65,1159.39
2023-02-09,592.0,4.14,666.13,1156.76
2023-02-10,602.0,4.21,667.51,1159.15
2023-02-11,602.0,4.21,667.51,1159.15
2023-02-12,602.0,4.21,667.51,1159.15
2023-02-13,616.0,4.31,669.44,1162.5
2023-02-14,563.0,3.94,662.13,1149.81
2023-02-15,541.0,3.79,659.1,1144.55
2023-02-16,530.0,3.71,657.58,1141.91
2023-02-17,538.0,3.77,658.69,1143.83
2023-02-18,538.0,3.77,658.69,1143.83
2023-02-19,538.0,3.77,658.69,1143.83
2023-02-20,552.0,3.86,660.62,1147.18
2023-02-21,594.0,4.16,666.41,1157.24
2023-02-22,674.0,4.72,677.44,1176.39
2023-02-23,816.0,5.71,697.02,1210.4
2023-02-24,883.0,6.18,706.26,1226.44
2023-02-25,883.0,6.18,706.26,1226.44
2023-02-26,883.0,6.18,706.26,1226.44
2023-02-27,935.0,6.54,713.43,1238.89
2023-02-28,990.0,6.93,721.01,1252.06
2023-03-01,1099.0,7.69,736.05,1278.16
2023-03-02,1145.0,8.02,742.39,1289.18
2023-03-03,1211.0,8.48,751.49,1304.98
2023-03-04,1211.0,8.48,751.49,1304.98
2023-03-05,1211.0,8.48,751.49,1304.98
2023-03-06,1258.0,8.81,757.97,1316.24
2023-03-07,1298.0,9.09,763.49,1325.81
2023-03-08,1327.0,9.29,767.48,1332.76
2023-03-09,1379.0,9.65,774.66,1345.21
2023-03-10,1424.0,9.97,780.86,1355.99
2023-03-11,1424.0,9.97,780.86,1355.99
2023-03-12,1424.0,9.97,780.86,1355.99
2023-03-13,1465.0,10.26,786.51,1365.8
2023-03-14,1587.0,11.11,803.34,1395.02
2023-03-15,1603.0,11.22,805.54,1398.85
2023-03-16,1560.0,10.92,799.61,1388.55
2023-03-17,1535.0,10.74,796.17,1382.56
2023-03-18,1535.0,10.74,796.17,1382.56
2023-03-19,1535.0,10.74,796.17,1382.56
2023-03-20,1542.0,10.79,797.13,1384.24
2023-03-21,1512.0,10.58,793.0,1377.06
2023-03-22,1456.0,10.19,785.27,1363.65
2023-03-23,1484.0,10.39,789.13,1370.35
2023-03-24,1489.0,10.42,789.82,1371.55
2023-03-25,1489.0,10.42,789.82,1371.55
2023-03-26,1489.0,10.42,789.82,1371.55
2023-03-27,1456.0,10.19,785.27,1363.65
2023-03-28,1402.0,9.81,777.83,1350.72
2023-03-29,1407.0,9.85,778.52,1351.91
2023-03-30,1403.0,9.82,777.96,1350.96
2023-03-31,1389.0,9.72,776.03,1347.6
2023-04-01,1389.0,9.72,776.03,1347.6
2023-04-02,1389.0,9.72,776.03,1347.6
2023-04-03,1412.0,9.88,779.21,1353.11
2023-04-04,1473.0,10.31,787.62,1367.72
2023-04-05,1525.0,10.68,794.79,1380.17
2023-04-06,1560.0,10.92,799.61,1388.55
2023-04-07,1560.0,10.92,799.61,1388.55
2023-04-08,1560.0,10.92,799.61,1388.55
2023-04-09,1560.0,10.92,799.61,1388.55
2023-04-10,1560.0,10.92,799.61,1388.55
2023-04-11,1507.0,10.55,792.31,1375.86
2023-04-12,1463.0,10.24,786.24,1365.32
2023-04-13,1463.0,10.24,786.24,1365.32
2023-04-14,1435.0,10.04,782.38,1358.62
2023-04-15,1435.0,10.04,782.38,1358.62
2023-04-16,1435.0,10.04,782.38,1358.62
2023-04-17,1412.0,9.88,779.21,1353.11
2023-04-18,1368.0,9.58,773.14,1342.58
2023-04-19,1372.0,9.6,773.69,1343.53
2023-04-20,1432.0,10.02,781.96,1357.9
2023-04-21,1504.0,10.53,791.89,1375.14
2023-04-22,1504.0,10.53,791.89,1375.14
2023-04-23,1504.0,10.53,791.89,1375.14
2023-04-24,1517.0,10.62,793.68,1378.25
2023-04-25,1510.0,10.57,792.72,1376.58
2023-04-26,1536.0,10.75,796.3,1382.8
2023-04-27,1581.0,11.07,802.51,1393.58
2023-04-28,1576.0,11.03,801.82,1392.38
2023-04-29,1576.0,11.03,801.82,1392.38
2023-04-30,1576.0,11.03,801.82,1392.38
2023-05-01,1576.0,11.03,801.82,1392.38
2023-05-02,1552.0,10.86,798.51,1386.64
2023-05-03,1558.0,10.91,799.34,1388.07
2023-05-04,1545.0,10.82,797.55,1384.96
2023-05-05,1558.0,10.91,799.34,1388.07
2023-05-06,1558.0,10.91,799.34,1388.07
2023-05-07,1558.0,10.91,799.34,1388.07
2023-05-08,1558.0,10.91,799.34,1388.07
2023-05-09,1598.0,11.19,804.85,1397.65
2023-05-10,1640.0,11.48,810.65,1407.71
2023-05-11,1608.0,11.26,806.23,1400.05
2023-05-12,1558.0,10.91,799.34,1388.07
2023-05-13,1558.0,10.91,799.34,1388.07
2023-05-14,1558.0,10.91,799.34,1388.07
2023-05-15,1522.0,10.65,794.37,1379.45
2023-05-16,1476.0,10.33,788.03,1368.44
2023-05-17,1425.0,9.98,781.0,1356.22
2023-05-18,1402.0,9.81,777.83,1350.72
2023-05-19,1384.0,9.69,775.34,1346.41
2023-05-20,1384.0,9.69,775.34,1346.41
2023-05-21,1384.0,9.69,775.34,1346.41
2023-05-22,1365.0,9.56,772.72,1341.86
2023-05-23,1348.0,9.44,770.38,1337.79
2023-05-24,1295.0,9.06,763.07,1325.1
2023-05-25,1215.0,8.51,752.04,1305.94
2023-05-26,1172.0,8.2,746.11,1295.64
2023-05-27,1172.0,8.2,746.11,1295.64
2023-05-28,1172.0,8.2,746.11,1295.64
2023-05-29,1172.0,8.2,746.11,1295.64
2023-05-30,1123.0,7.86,739.35,1283.91
2023-05-31,977.0,6.84,719.22,1248.95
2023-06-01,937.0,6.56,713.71,1239.37
2023-06-02,919.0,6.43,711.22,1235.06
2023-06-03,919.0,6.43,711.22,1235.06
2023-06-04,919.0,6.43,711.22,1235.06
2023-06-05,939.0,6.57,713.98,1239.85
2023-06-06,1016.0,7.11,724.6,1258.29
2023-06-07,1020.0,7.14,725.15,1259.25
2023-06-08,1040.0,7.28,727.91,1264.03
2023-06-09,1055.0,7.38,729.98,1267.63
2023-06-10,1055.0,7.38,729.98,1267.63
2023-06-11,1055.0,7.38,729.98,1267.63
2023-06-12,1056.0,7.39,730.12,1267.87
2023-06-13,1074.0,7.52,732.6,1272.18
2023-06-14,1079.0,7.55,733.29,1273.37
2023-06-15,1094.0,7.66,735.36,1276.96
2023-06-16,1076.0,7.53,732.87,1272.65
2023-06-17,1076.0,7.53,732.87,1272.65
2023-06-18,1076.0,7.53,732.87,1272.65
2023-06-19,1065.0,7.46,731.36,1270.02
2023-06-20,1078.0,7.55,733.15,1273.13
2023-06-21,1138.0,7.97,741.42,1287.5
2023-06-22,1216.0,8.51,752.18,1306.18
2023-06-23,1240.0,8.68,755.49,1311.93
2023-06-24,1240.0,8.68,755.49,1311.93
2023-06-25,1240.0,8.68,755.49,1311.93
2023-06-26,1233.0,8.63,754.52,1310.25
2023-06-27,1183.0,8.28,747.63,1298.28
2023-06-28,1138.0,7.97,741.42,1287.5
2023-06-29,1112.0,7.78,737.84,1281.28
2023-06-30,1091.0,7.64,734.94,1276.25
2023-07-01,1091.0,7.64,734.94,1276.25
2023-07-02,1091.0,7.64,734.94,1276.25
2023-07-03,1068.0,7.48,731.77,1270.74
2023-07-04,1044.0,7.31,728.46,1264.99
2023-07-05,994.0,6.96,721.57,1253.02
2023-07-06,993.0,6.95,721.43,1252.78
2023-07-07,1009.0,7.06,723.63,1256.61
2023-07-08,1009.0,7.06,723.63,1256.61
2023-07-09,1009.0,7.06,723.63,1256.61
2023-07-10,1024.0,7.17,725.7,1260.2
2023-07-11,1032.0,7.22,726.81,1262.12
2023-07-12,1088.0,7.62,734.53,1275.53
2023-07-13,1103.0,7.72,736.6,1279.12
2023-07-14,1090.0,7.63,734.8,1276.01
2023-07-15,1090.0,7.63,734.8,1276.01
2023-07-16,1090.0,7.63,734.8,1276.01
2023-07-17,1073.0,7.51,732.46,1271.94
2023-07-18,1037.0,7.26,727.5,1263.32
2023-07-19,1004.0,7.03,722.95,1255.41
2023-07-20,977.0,6.84,719.22,1248.95
2023-07-21,978.0,6.85,719.36,1249.19
2023-07-22,978.0,6.85,719.36,1249.19
2023-07-23,978.0,6.85,719.36,1249.19
2023-07-24,967.0,6.77,717.84,1246.55
2023-07-25,962.0,6.73,717.15,1245.36
2023-07-26,1067.0,7.47,731.63,1270.5
2023-07-27,1097.0,7.68,735.77,1277.68
2023-07-28,1110.0,7.77,737.56,1280.8
2023-07-29,1110.0,7.77,737.56,1280.8
2023-07-30,1110.0,7.77,737.56,1280.8
2023-07-31,1127.0,7.89,739.91,1284.87
2023-08-01,1150.0,8.05,743.08,1290.37
2023-08-02,1123.0,7.86,739.35,1283.91
2023-08-03,1128.0,7.9,740.04,1285.11
2023-08-04,1136.0,7.95,741.15,1287.02
2023-08-05,1136.0,7.95,741.15,1287.02
2023-08-06,1136.0,7.95,741.15,1287.02
2023-08-07,1145.0,8.02,742.39,1289.18
2023-08-08,1142.0,7.99,741.97,1288.46
2023-08-09,1144.0,8.01,742.25,1288.94
2023-08-10,1137.0,7.96,741.29,1287.26
2023-08-11,1129.0,7.9,740.18,1285.35
2023-08-12,1129.0,7.9,740.18,1285.35
2023-08-13,1129.0,7.9,740.18,1285.35
2023-08-14,1135.0,7.94,741.01,1286.78
2023-08-15,1166.0,8.16,745.28,1294.21
2023-08-16,1233.0,8.63,754.52,1310.25
2023-08-17,1247.0,8.73,756.45,1313.6
2023-08-18,1237.0,8.66,755.07,1311.21
2023-08-19,1237.0,8.66,755.07,1311.21
2023-08-20,1237.0,8.66,755.07,1311.21
2023-08-21,1223.0,8.56,753.14,1307.85
2023-08-22,1194.0,8.36,749.14,1300.91
2023-08-23,1151.0,8.06,743.22,1290.61
2023-08-24,1110.0,7.77,737.56,1280.8
2023-08-25,1080.0,7.56,733.43,1273.61
2023-08-26,1080.0,7.56,733.43,1273.61
2023-08-27,1080.0,7.56,733.43,1273.61
2023-08-28,1080.0,7.56,733.43,1273.61
2023-08-29,1107.0,7.75,737.15,1280.08
2023-08-30,1094.0,7.66,735.36,1276.96
2023-08-31,1086.0,7.6,734.25,1275.05
2023-09-01,1065.0,7.46,731.36,1270.02
2023-09-02,1065.0,7.46,731.36,1270.02
2023-09-03,1065.0,7.46,731.36,1270.02
2023-09-04,1083.0,7.58,733.84,1274.33
2023-09-05,1063.0,7.44,731.08,1269.54
2023-09-06,1081.0,7.57,733.56,1273.85
2023-09-07,1141.0,7.99,741.84,1288.22
2023-09-08,1186.0,8.3,748.04,1298.99
2023-09-09,1186.0,8.3,748.04,1298.99
2023-09-10,1186.0,8.3,748.04,1298.99
2023-09-11,1209.0,8.46,751.21,1304.5
2023-09-12,1235.0,8.64,754.8,1310.73
2023-09-13,1290.0,9.03,762.38,1323.9
2023-09-14,1340.0,9.38,769.28,1335.87
2023-09-15,1381.0,9.67,774.93,1345.69
2023-09-16,1381.0,9.67,774.93,1345.69
2023-09-17,1381.0,9.67,774.93,1345.69
2023-09-18,1439.0,10.07,782.93,1359.58
2023-09-19,1526.0,10.68,794.93,1380.41
2023-09-20,1584.0,11.09,802.92,1394.3
2023-09-21,1569.0,10.98,800.86,1390.71
2023-09-22,1593.0,11.15,804.16,1396.45
2023-09-23,1593.0,11.15,804.16,1396.45
2023-09-24,1593.0,11.15,804.16,1396.45
2023-09-25,1614.0,11.3,807.06,1401.48
2023-09-26,1694.0,11.86,818.09,1420.64
2023-09-27,1752.0,12.26,826.09,1434.53
2023-09-28,1716.0,12.01,821.13,1425.91
2023-09-29,1701.0,11.91,819.06,1422.31
2023-09-30,1701.0,11.91,819.06,1422.31
2023-10-01,1701.0,11.91,819.06,1422.31
2023-10-02,1737.0,12.16,824.02,1430.94
2023-10-03,1780.0,12.46,829.95,1441.23
2023-10-04,1778.0,12.45,829.67,1440.75
2023-10-05,1827.0,12.79,836.43,1452.49
2023-10-06,1929.0,13.5,850.5,1476.91
2023-10-07,1929.0,13.5,850.5,1476.91
2023-10-08,1929.0,13.5,850.5,1476.91
2023-10-09,1991.0,13.94,859.05,1491.76
2023-10-10,1983.0,13.88,857.94,1489.84
2023-10-11,1948.0,13.64,853.12,1481.46
2023-10-12,1935.0,13.54,851.32,1478.35
2023-10-13,1945.0,13.62,852.7,1480.74
2023-10-14,1945.0,13.62,852.7,1480.74
2023-10-15,1945.0,13.62,852.7,1480.74
2023-10-16,1972.0,13.8,856.43,1487.21
2023-10-17,2058.0,14.41,868.29,1507.8
2023-10-18,2105.0,14.74,874.77,1519.05
2023-10-19,2071.0,14.5,870.08,1510.91
2023-10-20,2046.0,14.32,866.63,1504.93
2023-10-21,2046.0,14.32,866.63,1504.93
2023-10-22,2046.0,14.32,866.63,1504.93
2023-10-23,2017.0,14.12,862.63,1497.98
2023-10-24,1949.0,13.64,853.25,1481.7
2023-10-25,1832.0,12.82,837.12,1453.68
2023-10-26,1662.0,11.63,813.68,1412.98
2023-10-27,1563.0,10.94,800.03,1389.27
2023-10-28,1563.0,10.94,800.03,1389.27
2023-10-29,1563.0,10.94,800.03,1389.27
2023-10-30,1502.0,10.51,791.62,1374.66
2023-10-31,1459.0,10.21,785.69,1364.37
2023-11-01,1401.0,9.81,777.69,1350.48
2023-11-02,1385.0,9.7,775.48,1346.65
2023-11-03,1462.0,10.23,786.1,1365.08
2023-11-04,1462.0,10.23,786.1,1365.08
2023-11-05,1462.0,10.23,786.1,1365.08
2023-11-06,1523.0,10.66,794.51,1379.69
2023-11-07,1559.0,10.91,799.48,1388.31
2023-11-08,1530.0,10.71,795.48,1381.37
2023-11-09,1598.0,11.19,804.85,1397.65
2023-11-10,1643.0,11.5,811.06,1408.43
2023-11-11,1643.0,11.5,811.06,1408.43
2023-11-12,1643.0,11.5,811.06,1408.43
2023-11-13,1655.0,11.58,812.71,1411.3
2023-11-14,1662.0,11.63,813.68,1412.98
2023-11-15,1688.0,11.82,817.26,1419.2
2023-11-16,1758.0,12.31,826.92,1435.96
2023-11-17,1820.0,12.74,835.47,1450.81
2023-11-18,1820.0,12.74,835.47,1450.81
2023-11-19,1820.0,12.74,835.47,1450.81
2023-11-20,1817.0,12.72,835.05,1450.09
2023-11-21,1796.0,12.57,832.16,1445.06
2023-11-22,1755.0,12.28,826.5,1435.25
2023-11-23,1855.0,12.98,840.29,1459.19
2023-11-24,2102.0,14.71,874.35,1518.34
2023-11-25,2102.0,14.71,874.35,1518.34
2023-11-26,2102.0,14.71,874.35,1518.34
2023-11-27,2259.0,15.81,896.0,1555.93
2023-11-28,2391.0,16.74,914.2,1587.54
2023-11-29,2696.0,18.87,956.26,1660.57
2023-11-30,2937.0,20.56,989.49,1718.28
2023-12-01,3192.0,22.34,1024.66,1779.34
2023-12-02,3192.0,22.34,1024.66,1779.34
2023-12-03,3192.0,22.34,1024.66,1779.34
2023-12-04,3346.0,23.42,1045.89,1816.22
2023-12-05,3143.0,22.0,1017.9,1767.61
2023-12-06,2848.0,19.94,977.22,1696.97
2023-12-07,2495.0,17.46,928.54,1612.44
2023-12-08,2483.0,17.38,926.89,1609.57
2023-12-09,2483.0,17.38,926.89,1609.57
2023-12-10,2483.0,17.38,926.89,1609.57
2023-12-11,2509.0,17.56,930.48,1615.8
2023-12-12,2551.0,17.86,936.27,1625.85
2023-12-13,2438.0,17.07,920.68,1598.79
2023-12-14,2411.0,16.88,916.96,1592.33
2023-12-15,2348.0,16.44,908.27,1577.24
2023-12-16,2348.0,16.44,908.27,1577.24
2023-12-17,2348.0,16.44,908.27,1577.24
2023-12-18,2288.0,16.02,900.0,1562.88
2023-12-19,2219.0,15.53,890.49,1546.35
2023-12-20,2150.0,15.05,880.97,1529.83
2023-12-21,2087.0,14.61,872.28,1514.74
2023-12-22,2094.0,14.66,873.25,1516.42
2023-12-23,2094.0,14.66,873.25,1516.42
2023-12-24,2094.0,14.66,873.25,1516.42
2023-12-25,2094.0,14.66,873.25,1516.42
2023-12-26,2094.0,14.66,873.25,1516.42
2023-12-27,2094.0,14.66,873.25,1516.42
2023-12-28,2094.0,14.66,873.25,1516.42
2023-12-29,2094.0,14.66,873.25,1516.42
2023-12-30,2094.0,14.66,873.25,1516.42
2023-12-31,2094.0,14.66,873.25,1516.42
2024-01-01,2094.0,14.66,873.25,1516.42
2024-01-02,2093.0,14.65,873.11,1516.18
2024-01-03,2091.0,14.64,872.84,1515.7
2024-01-04,2086.0,14.6,872.15,1514.51
2024-01-05,2110.0,14.77,875.46,1520.25
2024-01-06,2110.0,14.77,875.46,1520.25
2024-01-07,2110.0,14.77,875.46,1520.25
2024-01-08,2022.0,14.15,863.32,1499.18
2024-01-09,1875.0,13.12,843.05,1463.98
2024-01-10,1664.0,11.65,813.96,1413.45
2024-01-11,1554.0,10.88,798.79,1387.11
2024-01-12,1460.0,10.22,785.82,1364.61
2024-01-13,1460.0,10.22,785.82,1364.61
2024-01-14,1460.0,10.22,785.82,1364.61
2024-01-15,1360.0,9.52,772.04,1340.66
2024-01-16,1324.0,9.27,767.07,1332.04
2024-01-17,1308.0,9.16,764.86,1328.21
2024-01-18,1357.0,9.5,771.62,1339.94
2024-01-19,1503.0,10.52,791.75,1374.9
2024-01-20,1503.0,10.52,791.75,1374.9
2024-01-21,1503.0,10.52,791.75,1374.9
2024-01-22,1518.0,10.63,793.82,1378.49
2024-01-23,1473.0,10.31,787.62,1367.72
2024-01-24,1507.0,10.55,792.31,1375.86
2024-01-25,1499.0,10.49,791.2,1373.94
2024-01-26,1518.0,10.63,793.82,1378.49
2024-01-27,1518.0,10.63,793.82,1378.49
2024-01-28,1518.0,10.63,793.82,1378.49
2024-01-29,1460.0,10.22,785.82,1364.61
2024-01-30,1397.0,9.78,777.14,1349.52
2024-01-31,1398.0,9.79,777.28,1349.76
2024-02-01,1388.0,9.72,775.9,1347.36
2024-02-02,1407.0,9.85,778.52,1351.91
2024-02-03,1407.0,9.85,778.52,1351.91
2024-02-04,1407.0,9.85,778.52,1351.91
2024-02-05,1436.0,10.05,782.52,1358.86
2024-02-06,1516.0,10.61,793.55,1378.02
2024-02-07,1487.0,10.41,789.55,1371.07
2024-02-08,1473.0,10.31,787.62,1367.72
2024-02-09,1545.0,10.82,797.55,1384.96
2024-02-10,1545.0,10.82,797.55,1384.96
2024-02-11,1545.0,10.82,797.55,1384.96
2024-02-12,1572.0,11.0,801.27,1391.42
2024-02-13,1585.0,11.1,803.06,1394.54
2024-02-14,1582.0,11.07,802.65,1393.82
2024-02-15,1581.0,11.07,802.51,1393.58
2024-02-16,1610.0,11.27,806.51,1400.52
2024-02-17,1610.0,11.27,806.51,1400.52
2024-02-18,1610.0,11.27,806.51,1400.52
2024-02-19,1629.0,11.4,809.13,1405.07
2024-02-20,1632.0,11.42,809.54,1405.79
2024-02-21,1676.0,11.73,815.61,1416.33
2024-02-22,1752.0,12.26,826.09,1434.53
2024-02-23,1866.0,13.06,841.81,1461.82
2024-02-24,1866.0,13.06,841.81,1461.82
2024-02-25,1866.0,13.06,841.81,1461.82
2024-02-26,1871.0,13.1,842.5,1463.02
2024-02-27,1899.0,13.29,846.36,1469.73
2024-02-28,2041.0,14.29,865.94,1503.73
2024-02-29,2111.0,14.78,875.59,1520.49
2024-03-01,2203.0,15.42,888.28,1542.52
2024-03-02,2203.0,15.42,888.28,1542.52
2024-03-03,2203.0,15.42,888.28,1542.52
2024-03-04,2297.0,16.08,901.24,1565.03
2024-03-05,2291.0,16.04,900.41,1563.59
2024-03-06,2176.0,15.23,884.56,1536.06
2024-03-07,2251.0,15.76,894.9,1554.02
2024-03-08,2345.0,16.42,907.86,1576.52
2024-03-09,2345.0,16.42,907.86,1576.52
2024-03-10,2345.0,16.42,907.86,1576.52
2024-03-11,2377.0,16.64,912.27,1584.19
2024-03-12,2315.0,16.21,903.72,1569.34
2024-03-13,2370.0,16.59,911.31,1582.51
2024-03-14,2370.0,16.59,911.31,1582.51
2024-03-15,2370.0,16.59,911.31,1582.51
2024-03-16,2370.0,16.59,911.31,1582.51
2024-03-17,2370.0,16.59,911.31,1582.51
2024-03-18,2419.0,16.93,918.06,1594.24
2024-03-19,2392.0,16.74,914.34,1587.78
2024-03-20,2284.0,15.99,899.45,1561.92
2024-03-21,2240.0,15.68,893.38,1551.38
2024-03-22,2196.0,15.37,887.31,1540.85
2024-03-23,2196.0,15.37,887.31,1540.85
2024-03-24,2196.0,15.37,887.31,1540.85
2024-03-25,2123.0,14.86,877.25,1523.37
2024-03-26,1989.0,13.92,858.77,1491.28
2024-03-27,1845.0,12.92,838.91,1456.8
2024-03-28,1821.0,12.75,835.6,1451.05
2024-03-29,1821.0,12.75,835.6,1451.05
2024-03-30,1821.0,12.75,835.6,1451.05
2024-03-31,1821.0,12.75,835.6,1451.05
2024-04-01,1821.0,12.75,835.6,1451.05
2024-04-02,1714.0,12.0,820.85,1425.43
2024-04-03,1711.0,11.98,820.44,1424.71
2024-04-04,1669.0,11.68,814.64,1414.65
2024-04-05,1628.0,11.4,808.99,1404.83
2024-04-06,1628.0,11.4,808.99,1404.83
2024-04-07,1628.0,11.4,808.99,1404.83
2024-04-08,1594.0,11.16,804.3,1396.69
2024-04-09,1570.0,10.99,800.99,1390.95
2024-04-10,1587.0,11.11,803.34,1395.02
2024-04-11,1690.0,11.83,817.54,1419.68
2024-04-12,1729.0,12.1,822.92,1429.02
2024-04-13,1729.0,12.1,822.92,1429.02
2024-04-14,1729.0,12.1,822.92,1429.02
2024-04-15,1730.0,12.11,823.06,1429.26
2024-04-16,1779.0,12.45,829.81,1440.99
2024-04-17,1844.0,12.91,838.78,1456.56
2024-04-18,1901.0,13.31,846.64,1470.21
2024-04-19,1919.0,13.43,849.12,1474.52
2024-04-20,1919.0,13.43,849.12,1474.52
2024-04-21,1919.0,13.43,849.12,1474.52
2024-04-22,1882.0,13.17,844.02,1465.66
2024-04-23,1804.0,12.63,833.26,1446.98
2024-04-24,1774.0,12.42,829.12,1439.79
2024-04-25,1743.0,12.2,824.85,1432.37
2024-04-26,1721.0,12.05,821.81,1427.1
2024-04-27,1721.0,12.05,821.81,1427.1
2024-04-28,1721.0,12.05,821.81,1427.1
2024-04-29,1684.0,11.79,816.71,1418.24
2024-04-30,1685.0,11.8,816.85,1418.48
2024-05-01,1688.0,11.82,817.26,1419.2
2024-05-02,1774.0,12.42,829.12,1439.79
2024-05-03,1876.0,13.13,843.19,1464.22
2024-05-04,1876.0,13.13,843.19,1464.22
2024-05-05,1876.0,13.13,843.19,1464.22
2024-05-06,1876.0,13.13,843.19,1464.22
2024-05-07,2083.0,14.58,871.73,1513.79
2024-05-08,2203.0,15.42,888.28,1542.52
2024-05-09,2166.0,15.16,883.18,1533.66
2024-05-10,2129.0,14.9,878.08,1524.8
2024-05-11,2129.0,14.9,878.08,1524.8
2024-05-12,2129.0,14.9,878.08,1524.8
2024-05-13,2066.0,14.46,869.39,1509.72
2024-05-14,1993.0,13.95,859.32,1492.24
2024-05-15,1889.0,13.22,844.98,1467.33
2024-05-16,1817.0,12.72,835.05,1450.09
2024-05-17,1844.0,12.91,838.78,1456.56
2024-05-18,1844.0,12.91,838.78,1456.56
2024-05-19,1844.0,12.91,838.78,1456.56
2024-05-20,1847.0,12.93,839.19,1457.28
2024-05-21,1829.0,12.8,836.71,1452.97
2024-05-22,1804.0,12.63,833.26,1446.98
2024-05-23,1796.0,12.57,832.16,1445.06
2024-05-24,1797.0,12.58,832.29,1445.3
2024-05-25,1797.0,12.58,832.29,1445.3
2024-05-26,1797.0,12.58,832.29,1445.3
2024-05-27,1797.0,12.58,832.29,1445.3
2024-05-28,1784.0,12.49,830.5,1442.19
2024-05-29,1790.0,12.53,831.33,1443.63
2024-05-30,1801.0,12.61,832.85,1446.26
2024-05-31,1815.0,12.7,834.78,1449.61
2024-06-01,1815.0,12.7,834.78,1449.61
2024-06-02,1815.0,12.7,834.78,1449.61
2024-06-03,1808.0,12.66,833.81,1447.94
2024-06-04,1813.0,12.69,834.5,1449.13
2024-06-05,1852.0,12.96,839.88,1458.47
2024-06-06,1869.0,13.08,842.22,1462.54
2024-06-07,1881.0,13.17,843.88,1465.42
2024-06-08,1881.0,13.17,843.88,1465.42
2024-06-09,1881.0,13.17,843.88,1465.42
2024-06-10,1883.0,13.18,844.15,1465.9
2024-06-11,1831.0,12.82,836.98,1453.44
2024-06-12,1836.0,12.85,837.67,1454.64
2024-06-13,1942.0,13.59,852.29,1480.02
2024-06-14,1948.0,13.64,853.12,1481.46
2024-06-15,1948.0,13.64,853.12,1481.46
2024-06-16,1948.0,13.64,853.12,1481.46
2024-06-17,1948.0,13.64,853.12,1481.46
2024-06-18,1961.0,13.73,854.91,1484.57
2024-06-19,1943.0,13.6,852.43,1480.26
2024-06-20,1984.0,13.89,858.08,1490.08
2024-06-21,1997.0,13.98,859.87,1493.19
2024-06-22,1997.0,13.98,859.87,1493.19
2024-06-23,1997.0,13.98,859.87,1493.19
2024-06-24,1973.0,13.81,856.56,1487.45
2024-06-25,1926.0,13.48,850.08,1476.19
2024-06-26,1964.0,13.75,855.32,1485.29
2024-06-27,2031.0,14.22,864.56,1501.34
2024-06-28,2050.0,14.35,867.18,1505.88
2024-06-29,2050.0,14.35,867.18,1505.88
2024-06-30,2050.0,14.35,867.18,1505.88
2024-07-01,2158.0,15.11,882.07,1531.75
2024-07-02,2179.0,15.25,884.97,1536.77
2024-07-03,2064.0,14.45,869.11,1509.24
2024-07-04,2021.0,14.15,863.18,1498.94
2024-07-05,1966.0,13.76,855.6,1485.77
2024-07-06,1966.0,13.76,855.6,1485.77
2024-07-07,1966.0,13.76,855.6,1485.77
2024-07-08,1940.0,13.58,852.01,1479.54
2024-07-09,1894.0,13.26,845.67,1468.53
2024-07-10,1939.0,13.57,851.88,1479.31
2024-07-11,1947.0,13.63,852.98,1481.22
2024-07-12,1997.0,13.98,859.87,1493.19
2024-07-13,1997.0,13.98,859.87,1493.19
2024-07-14,1997.0,13.98,859.87,1493.19
2024-07-15,1993.0,13.95,859.32,1492.24
2024-07-16,1942.0,13.59,852.29,1480.02
2024-07-17,1890.0,13.23,845.12,1467.57
2024-07-18,1912.0,13.38,848.15,1472.84
2024-07-19,1902.0,13.31,846.77,1470.45
2024-07-20,1902.0,13.31,846.77,1470.45
2024-07-21,1902.0,13.31,846.77,1470.45
2024-07-22,1896.0,13.27,845.95,1469.01
2024-07-23,1869.0,13.08,842.22,1462.54
2024-07-24,1864.0,13.05,841.53,1461.35
2024-07-25,1834.0,12.84,837.4,1454.16
2024-07-26,1808.0,12.66,833.81,1447.94
2024-07-27,1808.0,12.66,833.81,1447.94
2024-07-28,1808.0,12.66,833.81,1447.94
2024-07-29,1797.0,12.58,832.29,1445.3
2024-07-30,1762.0,12.33,827.47,1436.92
2024-07-31,1708.0,11.96,820.02,1423.99
2024-08-01,1668.0,11.68,814.51,1414.41
2024-08-02,1675.0,11.72,815.47,1416.09
2024-08-03,1675.0,11.72,815.47,1416.09
2024-08-04,1675.0,11.72,815.47,1416.09
2024-08-05,1677.0,11.74,815.75,1416.57
2024-08-06,1685.0,11.8,816.85,1418.48
2024-08-07,1698.0,11.89,818.64,1421.6
2024-08-08,1683.0,11.78,816.57,1418.0
2024-08-09,1670.0,11.69,814.78,1414.89
2024-08-10,1670.0,11.69,814.78,1414.89
2024-08-11,1670.0,11.69,814.78,1414.89
2024-08-12,1655.0,11.58,812.71,1411.3
2024-08-13,1670.0,11.69,814.78,1414.89
2024-08-14,1728.0,12.1,822.78,1428.78
2024-08-15,1692.0,11.84,817.82,1420.16
2024-08-16,1691.0,11.84,817.68,1419.92
2024-08-17,1691.0,11.84,817.68,1419.92
2024-08-18,1691.0,11.84,817.68,1419.92
2024-08-19,1708.0,11.96,820.02,1423.99
2024-08-20,1735.0,12.14,823.75,1430.46
2024-08-21,1759.0,12.31,827.05,1436.2
2024-08-22,1768.0,12.38,828.3,1438.36
2024-08-23,1762.0,12.33,827.47,1436.92
2024-08-24,1762.0,12.33,827.47,1436.92
2024-08-25,1762.0,12.33,827.47,1436.92
2024-08-26,1762.0,12.33,827.47,1436.92
2024-08-27,1721.0,12.05,821.81,1427.1
2024-08-28,1755.0,12.28,826.5,1435.25
2024-08-29,1827.0,12.79,836.43,1452.49
2024-08-30,1814.0,12.7,834.64,1449.37
2024-08-31,1814.0,12.7,834.64,1449.37
2024-09-01,1814.0,12.7,834.64,1449.37
2024-09-02,1919.0,13.43,849.12,1474.52
2024-09-03,1947.0,13.63,852.98,1481.22
2024-09-04,1902.0,13.31,846.77,1470.45
2024-09-05,1919.0,13.43,849.12,1474.52
2024-09-06,1941.0,13.59,852.15,1479.78
2024-09-07,1941.0,13.59,852.15,1479.78
2024-09-08,1941.0,13.59,852.15,1479.78
2024-09-09,1958.0,13.71,854.5,1483.85
2024-09-10,1941.0,13.59,852.15,1479.78
2024-09-11,1963.0,13.74,855.19,1485.05
2024-09-12,1927.0,13.49,850.22,1476.43
2024-09-13,1890.0,13.23,845.12,1467.57
2024-09-14,1890.0,13.23,845.12,1467.57
2024-09-15,1890.0,13.23,845.12,1467.57
2024-09-16,1896.0,13.27,845.95,1469.01
2024-09-17,1901.0,13.31,846.64,1470.21
2024-09-18,1890.0,13.23,845.12,1467.57
2024-09-19,1976.0,13.83,856.98,1488.17
2024-09-20,1977.0,13.84,857.12,1488.4
2024-09-21,1977.0,13.84,857.12,1488.4
2024-09-22,1977.0,13.84,857.12,1488.4
2024-09-23,1999.0,13.99,860.15,1493.67
2024-09-24,2014.0,14.1,862.22,1497.26
2024-09-25,2016.0,14.11,862.49,1497.74
2024-09-26,2091.0,14.64,872.84,1515.7
2024-09-27,2110.0,14.77,875.46,1520.25
2024-09-28,2110.0,14.77,875.46,1520.25
2024-09-29,2110.0,14.77,875.46,1520.25
2024-09-30,2084.0,14.59,871.87,1514.03
2024-10-01,2030.0,14.21,864.42,1501.1
2024-10-02,1978.0,13.85,857.25,1488.64
2024-10-03,1941.0,13.59,852.15,1479.78
2024-10-04,1928.0,13.5,850.36,1476.67
2024-10-05,1928.0,13.5,850.36,1476.67
2024-10-06,1928.0,13.5,850.36,1476.67
2024-10-07,1907.0,13.35,847.46,1471.64
2024-10-08,1860.0,13.02,840.98,1460.39
2024-10-09,1799.0,12.59,832.57,1445.78
2024-10-10,1790.0,12.53,831.33,1443.63
2024-10-11,1809.0,12.66,833.95,1448.18
2024-10-12,1809.0,12.66,833.95,1448.18
2024-10-13,1809.0,12.66,833.95,1448.18
2024-10-14,1814.0,12.7,834.64,1449.37
2024-10-15,1766.0,12.36,828.02,1437.88
2024-10-16,1676.0,11.73,815.61,1416.33
2024-10-17,1594.0,11.16,804.3,1396.69
2024-10-18,1576.0,11.03,801.82,1392.38
2024-10-19,1576.0,11.03,801.82,1392.38
2024-10-20,1576.0,11.03,801.82,1392.38
2024-10-21,1546.0,10.82,797.68,1385.2
2024-10-22,1480.0,10.36,788.58,1369.39
2024-10-23,1445.0,10.12,783.76,1361.01
2024-10-24,1417.0,9.92,779.9,1354.31
2024-10-25,1410.0,9.87,778.93,1352.63
2024-10-26,1410.0,9.87,778.93,1352.63
2024-10-27,1410.0,9.87,778.93,1352.63
2024-10-28,1382.0,9.67,775.07,1345.93
2024-10-29,1402.0,9.81,777.83,1350.72
2024-10-30,1395.0,9.76,776.86,1349.04
2024-10-31,1388.0,9.72,775.9,1347.36
2024-11-01,1378.0,9.65,774.52,1344.97
2024-11-02,1378.0,9.65,774.52,1344.97
2024-11-03,1378.0,9.65,774.52,1344.97
2024-11-04,1374.0,9.62,773.97,1344.01
2024-11-05,1405.0,9.84,778.24,1351.44
2024-11-06,1427.0,9.99,781.27,1356.7
2024-11-07,1451.0,10.16,784.58,1362.45
2024-11-08,1495.0,10.46,790.65,1372.99
2024-11-09,1495.0,10.46,790.65,1372.99
2024-11-10,1495.0,10.46,790.65,1372.99
2024-11-11,1558.0,10.91,799.34,1388.07
2024-11-12,1634.0,11.44,809.82,1406.27
2024-11-13,1630.0,11.41,809.27,1405.31
2024-11-14,1692.0,11.84,817.82,1420.16
2024-11-15,1785.0,12.5,830.64,1442.43
2024-11-16,1785.0,12.5,830.64,1442.43
2024-11-17,1785.0,12.5,830.64,1442.43
2024-11-18,1756.0,12.29,826.64,1435.48
2024-11-19,1627.0,11.39,808.85,1404.59
2024-11-20,1616.0,11.31,807.34,1401.96
2024-11-21,1576.0,11.03,801.82,1392.38
2024-11-22,1537.0,10.76,796.44,1383.04
2024-11-23,1537.0,10.76,796.44,1383.04
2024-11-24,1537.0,10.76,796.44,1383.04
2024-11-25,1529.0,10.7,795.34,1381.13
2024-11-26,1581.0,11.07,802.51,1393.58
2024-11-27,1509.0,10.56,792.58,1376.34
2024-11-28,1419.0,9.93,780.17,1354.79
2024-11-29,1354.0,9.48,771.21,1339.22
2024-11-30,1354.0,9.48,771.21,1339.22
2024-12-01,1354.0,9.48,771.21,1339.22
2024-12-02,1298.0,9.09,763.49,1325.81
2024-12-03,1237.0,8.66,755.07,1311.21
2024-12-04,1180.0,8.26,747.21,1297.56
2024-12-05,1160.0,8.12,744.46,1292.77
2024-12-06,1167.0,8.17,745.42,1294.45
2024-12-07,1167.0,8.17,745.42,1294.45
2024-12-08,1167.0,8.17,745.42,1294.45
2024-12-09,1168.0,8.18,745.56,1294.68
2024-12-10,1156.0,8.09,743.91,1291.81
2024-12-11,1106.0,7.74,737.01,1279.84
2024-12-12,1055.0,7.38,729.98,1267.63
2024-12-13,1051.0,7.36,729.43,1266.67
2024-12-14,1051.0,7.36,729.43,1266.67
2024-12-15,1051.0,7.36,729.43,1266.67
2024-12-16,1071.0,7.5,732.18,1271.46
2024-12-17,1053.0,7.37,729.7,1267.15
2024-12-18,1028.0,7.2,726.25,1261.16
2024-12-19,976.0,6.83,719.08,1248.71
2024-12-20,990.0,6.93,721.01,1252.06
2024-12-21,990.0,6.93,721.01,1252.06
2024-12-22,990.0,6.93,721.01,1252.06
2024-12-23,994.0,6.96,721.57,1253.02
2024-12-24,997.0,6.98,721.98,1253.74
2024-12-25,997.0,6.98,721.98,1253.74
2024-12-26,997.0,6.98,721.98,1253.74
2024-12-27,997.0,6.98,721.98,1253.74
2024-12-28,997.0,6.98,721.98,1253.74
2024-12-29,997.0,6.98,721.98,1253.74
2024-12-30,997.0,6.98,721.98,1253.74
2024-12-31,997.0,6.98,721.98,1253.74
2025-01-01,997.0,6.98,721.98,1253.74
2025-01-02,1029.0,7.2,726.39,1261.4
2025-01-03,1072.0,7.5,732.32,1271.7
2025-01-04,1072.0,7.5,732.32,1271.7
2025-01-05,1072.0,7.5,732.32,1271.7
2025-01-06,1043.0,7.3,728.32,1264.75
2025-01-07,1015.0,7.1,724.46,1258.05
2025-01-08,966.0,6.76,717.71,1246.31
2025-01-09,969.0,6.78,718.12,1247.03
2025-01-10,1048.0,7.34,729.01,1265.95
2025-01-11,1048.0,7.34,729.01,1265.95
2025-01-12,1048.0,7.34,729.01,1265.95
2025-01-13,1093.0,7.65,735.22,1276.73
2025-01-14,1080.0,7.56,733.43,1273.61
2025-01-15,1063.0,7.44,731.08,1269.54
2025-01-16,1023.0,7.16,725.57,1259.96
2025-01-17,987.0,6.91,720.6,1251.34
2025-01-18,987.0,6.91,720.6,1251.34
2025-01-19,987.0,6.91,720.6,1251.34
2025-01-20,957.0,6.7,716.46,1244.16
2025-01-21,928.0,6.5,712.47,1237.22
2025-01-22,893.0,6.25,707.64,1228.83
2025-01-23,824.0,5.77,698.12,1212.31
2025-01-24,778.0,5.45,691.78,1201.3
2025-01-25,778.0,5.45,691.78,1201.3
2025-01-26,778.0,5.45,691.78,1201.3
2025-01-27,761.0,5.33,689.44,1197.23
2025-01-28,746.0,5.22,687.37,1193.63
2025-01-29,726.0,5.08,684.61,1188.85
2025-01-30,715.0,5.0,683.09,1186.21
2025-01-31,735.0,5.14,685.85,1191.0
2025-02-01,735.0,5.14,685.85,1191.0
2025-02-02,735.0,5.14,685.85,1191.0
2025-02-03,738.0,5.17,686.27,1191.72
2025-02-04,753.0,5.27,688.33,1195.31
2025-02-05,771.0,5.4,690.82,1199.62
2025-02-06,793.0,5.55,693.85,1204.89
2025-02-07,815.0,5.7,696.88,1210.16
2025-02-08,815.0,5.7,696.88,1210.16
2025-02-09,815.0,5.7,696.88,1210.16
2025-02-10,809.0,5.66,696.06,1208.72
2025-02-11,801.0,5.61,694.95,1206.8
2025-02-12,776.0,5.43,691.51,1200.82
2025-02-13,780.0,5.46,692.06,1201.78
2025-02-14,792.0,5.54,693.71,1204.65
2025-02-15,792.0,5.54,693.71,1204.65
2025-02-16,792.0,5.54,693.71,1204.65
2025-02-17,806.0,5.64,695.64,1208.0
2025-02-18,841.0,5.89,700.47,1216.38
2025-02-19,904.0,6.33,709.16,1231.47
2025-02-20,941.0,6.59,714.26,1240.33
2025-02-21,981.0,6.87,719.77,1249.91
2025-02-22,981.0,6.87,719.77,1249.91
2025-02-23,981.0,6.87,719.77,1249.91
2025-02-24,1002.0,7.01,722.67,1254.93
2025-02-25,1039.0,7.27,727.77,1263.79
2025-02-26,1112.0,7.78,737.84,1281.28
2025-02-27,1159.0,8.11,744.32,1292.53
2025-02-28,1229.0,8.6,753.97,1309.29
2025-03-01,1229.0,8.6,753.97,1309.29
2025-03-02,1229.0,8.6,753.97,1309.29
2025-03-03,1276.0,8.93,760.45,1320.55
2025-03-04,1262.0,8.83,758.52,1317.19
2025-03-05,1228.0,8.6,753.83,1309.05
2025-03-06,1286.0,9.0,761.83,1322.94
2025-03-07,1400.0,9.8,777.55,1350.24
2025-03-08,1400.0,9.8,777.55,1350.24
2025-03-09,1400.0,9.8,777.55,1350.24
2025-03-10,1424.0,9.97,780.86,1355.99
2025-03-11,1436.0,10.05,782.52,1358.86
2025-03-12,1559.0,10.91,799.48,1388.31
2025-03-13,1650.0,11.55,812.02,1410.1
2025-03-14,1669.0,11.68,814.64,1414.65
2025-03-15,1669.0,11.68,814.64,1414.65
2025-03-16,1669.0,11.68,814.64,1414.65
2025-03-17,1658.0,11.61,813.13,1412.02
2025-03-18,1650.0,11.55,812.02,1410.1
2025-03-19,1637.0,11.46,810.23,1406.99
2025-03-20,1635.0,11.44,809.96,1406.51
2025-03-21,1643.0,11.5,811.06,1408.43
2025-03-22,1643.0,11.5,811.06,1408.43
2025-03-23,1643.0,11.5,811.06,1408.43
2025-03-24,1652.0,11.56,812.3,1410.58
2025-03-25,1642.0,11.49,810.92,1408.19
2025-03-26,1634.0,11.44,809.82,1406.27
2025-03-27,1621.0,11.35,808.03,1403.16
2025-03-28,1602.0,11.21,805.41,1398.61
2025-03-29,1602.0,11.21,805.41,1398.61
2025-03-30,1602.0,11.21,805.41,1398.61
2025-03-31,1598.0,11.19,804.85,1397.65
2025-04-01,1587.0,11.11,803.34,1395.02
2025-04-02,1583.0,11.08,802.79,1394.06
2025-04-03,1540.0,10.78,796.86,1383.76
2025-04-04,1489.0,10.42,789.82,1371.55
2025-04-05,1489.0,10.42,789.82,1371.55
2025-04-06,1489.0,10.42,789.82,1371.55
2025-04-07,1401.0,9.81,777.69,1350.48
2025-04-08,1342.0,9.39,769.55,1336.35
2025-04-09,1259.0,8.81,758.11,1316.48
2025-04-10,1269.0,8.88,759.49,1318.87
2025-04-11,1274.0,8.92,760.18,1320.07
2025-04-12,1274.0,8.92,760.18,1320.07
2025-04-13,1274.0,8.92,760.18,1320.07
2025-04-14,1282.0,8.97,761.28,1321.98
2025-04-15,1263.0,8.84,758.66,1317.43
2025-04-16,1241.0,8.69,755.63,1312.16
2025-04-17,1261.0,8.83,758.38,1316.95
2025-04-18,1261.0,8.83,758.38,1316.95
2025-04-19,1261.0,8.83,758.38,1316.95
2025-04-20,1261.0,8.83,758.38,1316.95
2025-04-21,1261.0,8.83,758.38,1316.95
2025-04-22,1261.0,8.83,758.38,1316.95
2025-04-23,1300.0,9.1,763.76,1326.29
2025-04-24,1353.0,9.47,771.07,1338.98
2025-04-25,1373.0,9.61,773.83,1343.77
2025-04-26,1373.0,9.61,773.83,1343.77
2025-04-27,1373.0,9.61,773.83,1343.77
2025-04-28,1403.0,9.82,777.96,1350.96
2025-04-29,1398.0,9.79,777.28,1349.76
2025-04-30,1386.0,9.7,775.62,1346.89
2025-05-01,1411.0,9.88,779.07,1352.87
2025-05-02,1421.0,9.95,780.45,1355.27
2025-05-03,1421.0,9.95,780.45,1355.27
2025-05-04,1421.0,9.95,780.45,1355.27
2025-05-05,1421.0,9.95,780.45,1355.27
2025-05-06,1406.0,9.84,778.38,1351.68
2025-05-07,1374.0,9.62,773.97,1344.01
2025-05-08,1316.0,9.21,765.97,1330.12
2025-05-09,1299.0,9.09,763.62,1326.05
2025-05-10,1299.0,9.09,763.62,1326.05
2025-05-11,1299.0,9.09,763.62,1326.05
2025-05-12,1304.0,9.13,764.31,1327.25
2025-05-13,1280.0,8.96,761.0,1321.5
2025-05-14,1267.0,8.87,759.21,1318.39
2025-05-15,1305.0,9.14,764.45,1327.49
2025-05-16,1388.0,9.72,775.9,1347.36
2025-05-17,1388.0,9.72,775.9,1347.36
2025-05-18,1388.0,9.72,775.9,1347.36
2025-05-19,1347.0,9.43,770.24,1337.55
2025-05-20,1340.0,9.38,769.28,1335.87
2025-05-21,1337.0,9.36,768.86,1335.15
2025-05-22,1341.0,9.39,769.42,1336.11
2025-05-23,1340.0,9.38,769.28,1335.87
2025-05-24,1340.0,9.38,769.28,1335.87
2025-05-25,1340.0,9.38,769.28,1335.87
2025-05-26,1340.0,9.38,769.28,1335.87
2025-05-27,1296.0,9.07,763.21,1325.33
2025-05-28,1303.0,9.12,764.18,1327.01
2025-05-29,1353.0,9.47,771.07,1338.98
2025-05-30,1418.0,9.93,780.03,1354.55
2025-05-31,1418.0,9.93,780.03,1354.55
2025-06-01,1418.0,9.93,780.03,1354.55
2025-06-02,1422.0,9.95,780.58,1355.51
2025-06-03,1430.0,10.01,781.69,1357.42
2025-06-04,1489.0,10.42,789.82,1371.55
2025-06-05,1626.0,11.38,808.72,1404.36
2025-06-06,1633.0,11.43,809.68,1406.03
2025-06-07,1633.0,11.43,809.68,1406.03
2025-06-08,1633.0,11.43,809.68,1406.03
2025-06-09,1691.0,11.84,817.68,1419.92
2025-06-10,1680.0,11.76,816.16,1417.29
2025-06-11,1738.0,12.17,824.16,1431.17
2025-06-12,1904.0,13.33,847.05,1470.92
2025-06-13,1968.0,13.78,855.87,1486.25
2025-06-14,1968.0,13.78,855.87,1486.25
2025-06-15,1968.0,13.78,855.87,1486.25
2025-06-16,1975.0,13.82,856.84,1487.93
2025-06-17,1952.0,13.66,853.67,1482.42
2025-06-18,1874.0,13.12,842.91,1463.74
2025-06-19,1751.0,12.26,825.95,1434.29
2025-06-20,1689.0,11.82,817.4,1419.44
2025-06-21,1689.0,11.82,817.4,1419.44
2025-06-22,1689.0,11.82,817.4,1419.44
2025-06-23,1674.0,11.72,815.33,1415.85
2025-06-24,1681.0,11.77,816.3,1417.53
2025-06-25,1665.0,11.66,814.09,1413.69
2025-06-26,1553.0,10.87,798.65,1386.88
2025-06-27,1521.0,10.65,794.24,1379.21
2025-06-28,1521.0,10.65,794.24,1379.21
2025-06-29,1521.0,10.65,794.24,1379.21
2025-06-30,1489.0,10.42,789.82,1371.55
2025-07-01,1458.0,10.21,785.55,1364.13
2025-07-02,1443.0,10.1,783.48,1360.54
2025-07-03,1434.0,10.04,782.24,1358.38
2025-07-04,1436.0,10.05,782.52,1358.86
2025-07-05,1436.0,10.05,782.52,1358.86
2025-07-06,1436.0,10.05,782.52,1358.86
2025-07-07,1436.0,10.05,782.52,1358.86
2025-07-08,1431.0,10.02,781.83,1357.66
2025-07-09,1431.0,10.02,781.83,1357.66
2025-07-10,1465.0,10.26,786.51,1365.8
2025-07-11,1663.0,11.64,813.82,1413.22
2025-07-12,1663.0,11.64,813.82,1413.22
2025-07-13,1663.0,11.64,813.82,1413.22
2025-07-14,1783.0,12.48,830.36,1441.95
2025-07-15,1866.0,13.06,841.81,1461.82
2025-07-16,1906.0,13.34,847.33,1471.4
2025-07-17,2030.0,14.21,864.42,1501.1
2025-07-18,2052.0,14.36,867.46,1506.36
2025-07-19,2052.0,14.36,867.46,1506.36
2025-07-20,2052.0,14.36,867.46,1506.36
2025-07-21,2016.0,14.11,862.49,1497.74
2025-07-22,2035.0,14.24,865.11,1502.29
2025-07-23,2120.0,14.84,876.83,1522.65
2025-07-24,2258.0,15.81,895.86,1555.69
2025-07-25,2257.0,15.8,895.73,1555.45
2025-07-26,2257.0,15.8,895.73,1555.45
2025-07-27,2257.0,15.8,895.73,1555.45
2025-07-28,2226.0,15.58,891.45,1548.03
2025-07-29,2109.0,14.76,875.32,1520.01
2025-07-30,1995.0,13.96,859.6,1492.71
2025-07-31,2003.0,14.02,860.7,1494.63
2025-08-01,2018.0,14.13,862.77,1498.22
2025-08-02,2018.0,14.13,862.77,1498.22
2025-08-03,2018.0,14.13,862.77,1498.22
2025-08-04,1970.0,13.79,856.15,1486.73
2025-08-05,1921.0,13.45,849.39,1474.99
2025-08-06,1994.0,13.96,859.46,1492.48
2025-08-07,2008.0,14.06,861.39,1495.83
2025-08-08,2051.0,14.36,867.32,1506.12
2025-08-09,2051.0,14.36,867.32,1506.12
2025-08-10,2051.0,14.36,867.32,1506.12
2025-08-11,2038.0,14.27,865.53,1503.01
2025-08-12,2017.0,14.12,862.63,1497.98
2025-08-13,2025.0,14.18,863.73,1499.9
2025-08-14,2039.0,14.27,865.67,1503.25
2025-08-15,2044.0,14.31,866.35,1504.45
2025-08-16,2044.0,14.31,866.35,1504.45
2025-08-17,2044.0,14.31,866.35,1504.45
2025-08-18,2022.0,14.15,863.32,1499.18
2025-08-19,1964.0,13.75,855.32,1485.29
2025-08-20,1927.0,13.49,850.22,1476.43
2025-08-21,1893.0,13.25,845.53,1468.29
2025-08-22,1944.0,13.61,852.57,1480.5
2025-08-23,1944.0,13.61,852.57,1480.5
2025-08-24,1944.0,13.61,852.57,1480.5
2025-08-25,1944.0,13.61,852.57,1480.5
2025-08-26,2041.0,14.29,865.94,1503.73
2025-08-27,2046.0,14.32,866.63,1504.93
2025-08-28,2017.0,14.12,862.63,1497.98
2025-08-29,2025.0,14.18,863.73,1499.9
2025-08-30,2025.0,14.18,863.73,1499.9
2025-08-31,2025.0,14.18,863.73,1499.9
2025-09-01,2024.0,14.17,863.6,1499.66
2025-09-02,1986.0,13.9,858.36,1490.56
2025-09-03,1940.0,13.58,852.01,1479.54
2025-09-04,1963.0,13.74,855.19,1485.05
2025-09-05,1979.0,13.85,857.39,1488.88
2025-09-06,1979.0,13.85,857.39,1488.88
2025-09-07,1979.0,13.85,857.39,1488.88
2025-09-08,2019.0,14.13,862.91,1498.46
2025-09-09,2079.0,14.55,871.18,1512.83
2025-09-10,2112.0,14.78,875.73,1520.73
2025-09-11,2111.0,14.78,875.59,1520.49
2025-09-12,2126.0,14.88,877.66,1524.08
2025-09-13,2126.0,14.88,877.66,1524.08
2025-09-14,2126.0,14.88,877.66,1524.08
2025-09-15,2153.0,15.07,881.38,1530.55
2025-09-16,2154.0,15.08,881.52,1530.79
2025-09-17,2180.0,15.26,885.11,1537.01
2025-09-18,2205.0,15.44,888.56,1543.0
2025-09-19,2203.0,15.42,888.28,1542.52
2025-09-20,2203.0,15.42,888.28,1542.52
2025-09-21,2203.0,15.42,888.28,1542.52
2025-09-22,2172.0,15.2,884.0,1535.1
2025-09-23,2200.0,15.4,887.87,1541.8
2025-09-24,2240.0,15.68,893.38,1551.38
2025-09-25,2266.0,15.86,896.97,1557.61
2025-09-26,2259.0,15.81,896.0,1555.93
2025-09-27,2259.0,15.81,896.0,1555.93
2025-09-28,2259.0,15.81,896.0,1555.93
2025-09-29,2220.0,15.54,890.62,1546.59
2025-09-30,2134.0,14.94,878.77,1526.0
2025-10-01,1980.0,13.86,857.53,1489.12
2025-10-02,1909.0,13.36,847.74,1472.12
2025-10-03,1901.0,13.31,846.64,1470.21
2025-10-04,1901.0,13.31,846.64,1470.21
2025-10-05,1901.0,13.31,846.64,1470.21
2025-10-06,1932.0,13.52,850.91,1477.63
2025-10-07,1947.0,13.63,852.98,1481.22
2025-10-08,1963.0,13.74,855.19,1485.05
2025-10-09,1923.0,13.46,849.67,1475.47
2025-10-10,1936.0,13.55,851.46,1478.59
2025-10-11,1936.0,13.55,851.46,1478.59
2025-10-12,1936.0,13.55,851.46,1478.59
2025-10-13,2144.0,15.01,880.14,1528.39
2025-10-14,2022.0,14.15,863.32,1499.18
2025-10-15,1997.0,13.98,859.87,1493.19
2025-10-16,2046.0,14.32,866.63,1504.93
2025-10-17,2069.0,14.48,869.8,1510.43
2025-10-18,2069.0,14.48,869.8,1510.43
2025-10-19,2069.0,14.48,869.8,1510.43
2025-10-20,2071.0,14.5,870.08,1510.91
2025-10-21,2094.0,14.66,873.25,1516.42
2025-10-22,2094.0,14.66,873.25,1516.42
2025-10-23,2057.0,14.4,868.15,1507.56
2025-10-24,1991.0,13.94,859.05,1491.76
2025-10-25,1991.0,13.94,859.05,1491.76
2025-10-26,1991.0,13.94,859.05,1491.76
2025-10-27,1976.0,13.83,856.98,1488.17
2025-10-28,1950.0,13.65,853.39,1481.94
2025-10-29,1961.0,13.73,854.91,1484.57
2025-10-30,1983.0,13.88,857.94,1489.84
2025-10-31,1966.0,13.76,855.6,1485.77
2025-11-01,1966.0,13.76,855.6,1485.77
2025-11-02,1966.0,13.76,855.6,1485.77
2025-11-03,1945.0,13.62,852.7,1480.74
2025-11-04,1958.0,13.71,854.5,1483.85
2025-11-05,2003.0,14.02,860.7,1494.63
2025-11-06,2063.0,14.44,868.97,1509.0
2025-11-07,2104.0,14.73,874.63,1518.82
2025-11-08,2104.0,14.73,874.63,1518.82
2025-11-09,2104.0,14.73,874.63,1518.82
2025-11-10,2084.0,14.59,871.87,1514.03
2025-11-11,2072.0,14.5,870.22,1511.15
2025-11-12,2030.0,14.21,864.42,1501.1
2025-11-13,2077.0,14.54,870.91,1512.35
2025-11-14,2125.0,14.88,877.52,1523.84
2025-11-15,2125.0,14.88,877.52,1523.84
2025-11-16,2125.0,14.88,877.52,1523.84
2025-11-17,2153.0,15.07,881.38,1530.55
2025-11-18,2216.0,15.51,890.07,1545.63
2025-11-19,2260.0,15.82,896.14,1556.17
2025-11-20,2270.0,15.89,897.52,1558.57
2025-11-21,2275.0,15.92,898.21,1559.76
2025-11-22,2275.0,15.92,898.21,1559.76
2025-11-23,2275.0,15.92,898.21,1559.76
2025-11-24,2295.0,16.07,900.97,1564.55
2025-11-25,2309.0,16.16,902.9,1567.9
2025-11-26,2401.0,16.81,915.58,1589.93
2025-11-27,2480.0,17.36,926.48,1608.85
2025-11-28,2560.0,17.92,937.51,1628.01
2025-11-29,2560.0,17.92,937.51,1628.01
2025-11-30,2560.0,17.92,937.51,1628.01
2025-12-01,2583.0,18.08,940.68,1633.51
2025-12-02,2600.0,18.2,943.02,1637.59
2025-12-03,2845.0,19.92,976.81,1696.25
2025-12-04,2814.0,19.7,972.53,1688.83
2025-12-05,2727.0,19.09,960.54,1668.0
2025-12-06,2727.0,19.09,960.54,1668.0
2025-12-07,2727.0,19.09,960.54,1668.0
2025-12-08,2694.0,18.86,955.99,1660.09
2025-12-09,2557.0,17.9,937.09,1627.29
2025-12-10,2430.0,17.01,919.58,1596.88
2025-12-11,2294.0,16.06,900.83,1564.31
2025-12-12,2205.0,15.44,888.56,1543.0
2025-12-13,2205.0,15.44,888.56,1543.0
2025-12-14,2205.0,15.44,888.56,1543.0
2025-12-15,2193.0,15.35,886.9,1540.13
2025-12-16,2204.0,15.43,888.42,1542.76
2025-12-17,2121.0,14.85,876.97,1522.89
2025-12-18,2071.0,14.5,870.08,1510.91
2025-12-19,2023.0,14.16,863.46,1499.42
2025-12-20,2023.0,14.16,863.46,1499.42
2025-12-21,2023.0,14.16,863.46,1499.42
2025-12-22,1979.0,13.85,857.39,1488.88
2025-12-23,1889.0,13.22,844.98,1467.33
2025-12-24,1877.0,13.14,843.33,1464.46
2025-12-25,1877.0,13.14,843.33,1464.46
2025-12-26,1877.0,13.14,843.33,1464.46
2025-12-27,1877.0,13.14,843.33,1464.46
2025-12-28,1877.0,13.14,843.33,1464.46
2025-12-29,1877.0,13.14,843.33,1464.46
2025-12-30,1877.0,13.14,843.33,1464.46
2025-12-31,1877.0,13.14,843.33,1464.46
2026-01-01,1877.0,13.14,843.33,1464.46
2026-01-02,1882.0,13.17,844.02,1465.66
2026-01-03,1882.0,13.17,844.02,1465.66
2026-01-04,1882.0,13.17,844.02,1465.66
2026-01-05,1851.0,12.96,839.74,1458.23
2026-01-06,1830.0,12.81,836.85,1453.2
2026-01-07,1776.0,12.43,829.4,1440.27
2026-01-08,1718.0,12.03,821.4,1426.39
2026-01-09,1688.0,11.82,817.26,1419.2
2026-01-10,1688.0,11.82,817.26,1419.2
2026-01-11,1688.0,11.82,817.26,1419.2
2026-01-12,1659.0,11.61,813.27,1412.26
2026-01-13,1608.0,11.26,806.23,1400.05
2026-01-14,1566.0,10.96,800.44,1389.99
2026-01-15,1532.0,10.72,795.75,1381.85
2026-01-16,1567.0,10.97,800.58,1390.23
2026-01-17,1567.0,10.97,800.58,1390.23
2026-01-18,1567.0,10.97,800.58,1390.23
2026-01-19,1650.0,11.55,812.02,1410.1
2026-01-20,1729.0,12.1,822.92,1429.02
2026-01-21,1803.0,12.62,833.12,1446.74
2026-01-22,1761.0,12.33,827.33,1436.68
2026-01-23,1762.0,12.33,827.47,1436.92
2026-01-24,1762.0,12.33,827.47,1436.92
2026-01-25,1762.0,12.33,827.47,1436.92
2026-01-26,1780.0,12.46,829.95,1441.23
2026-01-27,1999.0,13.99,860.15,1493.67
2026-01-28,2016.0,14.11,862.49,1497.74
2026-01-29,2002.0,14.01,860.56,1494.39
2026-01-30,2148.0,15.04,880.7,1529.35
2026-01-31,2148.0,15.04,880.7,1529.35
2026-02-01,2148.0,15.04,880.7,1529.35
2026-02-02,2124.0,14.87,877.39,1523.6
2026-02-03,2028.0,14.2,864.15,1500.62
2026-02-04,1955.0,13.68,854.08,1483.14
2026-02-05,1936.0,13.55,851.46,1478.59
2026-02-06,1923.0,13.46,849.67,1475.47
2026-02-07,1923.0,13.46,849.67,1475.47
2026-02-08,1923.0,13.46,849.67,1475.47
2026-02-09,1895.0,13.26,845.81,1468.77
2026-02-10,1882.0,13.17,844.02,1465.66
2026-02-11,1958.0,13.71,854.5,1483.85
2026-02-12,2095.0,14.66,873.39,1516.66
2026-02-13,2083.0,14.58,871.73,1513.79
2026-02-14,2083.0,14.58,871.73,1513.79
2026-02-15,2083.0,14.58,871.73,1513.79
2026-02-16,2100.0,14.7,874.08,1517.86
2026-02-17,2095.0,14.66,873.39,1516.66
2026-02-18,2063.0,14.44,868.97,1509.0
2026-02-19,2019.0,14.13,862.91,1498.46
2026-02-20,2043.0,14.3,866.22,1504.21
2026-02-21,2043.0,14.3,866.22,1504.21
2026-02-22,2043.0,14.3,866.22,1504.21
2026-02-23,2112.0,14.78,875.73,1520.73
2026-02-24,2129.0,14.9,878.08,1524.8
2026-02-25,2121.0,14.85,876.97,1522.89
2026-02-26,2117.0,14.82,876.42,1521.93
2026-02-27,2140.0,14.98,879.59,1527.44
2026-02-28,2140.0,14.98,879.59,1527.44
2026-03-01,2140.0,14.98,879.59,1527.44
2026-03-02,2187.0,15.31,886.07,1538.69
2026-03-03,2242.0,15.69,893.66,1551.86
2026-03-04,2233.0,15.63,892.42,1549.71
2026-03-05,2138.0,14.97,879.32,1526.96
2026-03-06,2010.0,14.07,861.67,1496.31
2026-03-07,2010.0,14.07,861.67,1496.31
2026-03-08,2010.0,14.07,861.67,1496.31
2026-03-09,2066.0,14.46,869.39,1509.72
2026-03-10,1919.0,13.43,849.12,1474.52
2026-03-11,1926.0,13.48,850.08,1476.19
2026-03-12,1972.0,13.8,856.43,1487.21
2026-03-13,2028.0,14.2,864.15,1500.62
2026-03-14,2028.0,14.2,864.15,1500.62
2026-03-15,2028.0,14.2,864.15,1500.62
2026-03-16,2038.0,14.27,865.53,1503.01
2026-03-17,2024.0,14.17,863.6,1499.66
2026-03-18,2064.0,14.45,869.11,1509.24
2026-03-19,2057.0,14.4,868.15,1507.56
2026-03-20,2056.0,14.39,868.01,1507.32
2026-03-21,2056.0,14.39,868.01,1507.32
2026-03-22,2056.0,14.39,868.01,1507.32
2026-03-23,2037.0,14.26,865.39,1502.77
2026-03-24,1989.0,13.92,858.77,1491.28
2026-03-25,2001.0,14.01,860.43,1494.15
2026-03-26,2014.0,14.1,862.22,1497.26
2026-03-27,2031.0,14.22,864.56,1501.34
2026-03-28,2031.0,14.22,864.56,1501.34
2026-03-29,2031.0,14.22,864.56,1501.34
2026-03-30,2017.0,14.12,862.63,1497.98
2026-03-31,1995.0,13.96,859.6,1492.71
2026-04-01,2030.0,14.21,864.42,1501.1
2026-04-02,2066.0,14.46,869.39,1509.72
2026-04-03,2066.0,14.46,869.39,1509.72
2026-04-04,2066.0,14.46,869.39,1509.72
2026-04-05,2066.0,14.46,869.39,1509.72
2026-04-06,2066.0,14.46,869.39,1509.72
2026-04-07,2095.0,14.66,873.39,1516.66
2026-04-08,2139.0,14.97,879.45,1527.2
2026-04-09,2161.0,15.13,882.49,1532.46
2026-04-10,2201.0,15.41,888.0,1542.04
2026-04-11,2201.0,15.41,888.0,1542.04
2026-04-12,2201.0,15.41,888.0,1542.04
2026-04-13,2250.0,15.75,894.76,1553.78
2026-04-14,2354.0,16.48,909.1,1578.68
2026-04-15,2484.0,17.39,927.03,1609.81
2026-04-16,2523.0,17.66,932.41,1619.15
2026-04-17,2567.0,17.97,938.47,1629.68
2026-04-18,2567.0,17.97,938.47,1629.68
2026-04-19,2567.0,17.97,938.47,1629.68
2026-04-20,2633.0,18.43,947.57,1645.49
2026-04-21,2640.0,18.48,948.54,1647.16
2026-04-22,2675.0,18.73,953.37,1655.54
2026-04-23,2673.0,18.71,953.09,1655.07
2026-04-24,2665.0,18.66,951.99,1653.15
2026-04-25,2665.0,18.66,951.99,1653.15
2026-04-26,2665.0,18.66,951.99,1653.15
2026-04-27,2666.0,18.66,952.12,1653.39
2026-04-28,2677.0,18.74,953.64,1656.02
2026-04-29,2670.0,18.69,952.68,1654.35
2026-04-30,2686.0,18.8,954.88,1658.18
2026-05-01,2730.0,19.11,960.95,1668.71
2026-05-02,2730.0,19.11,960.95,1668.71
2026-05-03,2730.0,19.11,960.95,1668.71
2026-05-04,2730.0,19.11,960.95,1668.71
2026-05-05,2832.0,19.82,975.01,1693.14
2026-05-06,2991.0,20.94,996.94,1731.21
2026-05-07,3034.0,21.24,1002.87,1741.51
2026-05-08,2978.0,20.85,995.15,1728.1
2026-05-09,2978.0,20.85,995.15,1728.1
2026-05-10,2978.0,20.85,995.15,1728.1
2026-05-11,3001.0,21.01,998.32,1733.61
2026-05-12,3063.0,21.44,1006.87,1748.45
2026-05-13,3189.0,22.32,1024.24,1778.63
2026-05-14,3195.0,22.36,1025.07,1780.06
2026-05-15,3151.0,22.06,1019.0,1769.53
2026-05-16,3151.0,22.06,1019.0,1769.53
2026-05-17,3151.0,22.06,1019.0,1769.53
2026-05-18,3092.0,21.64,1010.87,1755.4
2026-05-19,3054.0,21.38,1005.63,1746.3
2026-05-20,3005.0,21.04,998.87,1734.57
2026-05-21,2964.0,20.75,993.22,1724.75
2026-05-22,2991.0,20.94,996.94,1731.21
2026-05-23,2991.0,20.94,996.94,1731.21
2026-05-24,2991.0,20.94,996.94,1731.21
2026-05-25,2991.0,20.94,996.94,1731.21
2026-05-26,3085.0,21.6,1009.9,1753.72
2026-05-27,3124.0,21.87,1015.28,1763.06
2026-05-28,3226.0,22.58,1029.34,1787.49
2026-05-29,3224.0,22.57,1029.07,1787.01
2026-05-30,3224.0,22.57,1029.07,1787.01
2026-05-31,3224.0,22.57,1029.07,1787.01
2026-06-01,3222.0,22.55,1028.79,1786.53
2026-06-02,3205.0,22.44,1026.45,1782.46
2026-06-03,3124.0,21.87,1015.28,1763.06
2026-06-04,3037.0,21.26,1003.28,1742.23
2026-06-05,2981.0,20.87,995.56,1728.82
2026-06-06,2981.0,20.87,995.56,1728.82
2026-06-07,2981.0,20.87,995.56,1728.82
2026-06-08,2916.0,20.41,986.6,1713.25
2026-06-09,2818.0,19.73,973.08,1689.79
2026-06-10,2818.0,19.73,973.08,1689.79
2026-06-11,2818.0,19.73,973.08,1689.79
2026-06-12,2818.0,19.73,973.08,1689.79
2026-06-13,2818.0,19.73,973.08,1689.79
2026-06-14,2818.0,19.73,973.08,1689.79
2026-06-15,2720.0,19.04,959.57,1666.32
2026-06-16,2670.0,18.69,952.68,1654.35
2026-06-17,2653.0,18.57,950.33,1650.28
2026-06-18,2659.0,18.61,951.16,1651.71
2026-06-19,2722.0,19.05,959.85,1666.8
2026-06-20,2722.0,19.05,959.85,1666.8
2026-06-21,2722.0,19.05,959.85,1666.8
2026-06-22,2684.0,18.79,954.61,1657.7
2026-06-23,2667.0,18.67,952.26,1653.63
2026-06-24,2634.0,18.44,947.71,1645.73
2026-06-25,2591.0,18.14,941.78,1635.43
2026-06-26,2524.0,17.67,932.54,1619.39
2026-06-27,2524.0,17.67,932.54,1619.39
2026-06-28,2524.0,17.67,932.54,1619.39
2026-06-29,2490.0,17.43,927.86,1611.25
2026-06-30,2501.0,17.51,929.37,1613.88
2026-07-01,2562.0,17.93,937.78,1628.49
2026-07-02,2650.0,18.55,949.92,1649.56
2026-07-03,2717.0,19.02,959.16,1665.6
2026-07-04,2717.0,19.02,959.16,1665.6
2026-07-05,2717.0,19.02,959.16,1665.6
2026-07-06,2797.0,19.58,970.19,1684.76
2026-07-07,2875.0,20.12,980.94,1703.44
2026-07-08,2871.0,20.1,980.39,1702.48
2026-07-09,2910.0,20.37,985.77,1711.82
2026-07-10,2944.0,20.61,990.46,1719.96
2026-07-11,2944.0,20.61,990.46,1719.96
2026-07-12,2944.0,20.61,990.46,1719.96
2026-07-13,2960.0,20.72,992.67,1723.79
2026-07-14,2980.0,20.86,995.42,1728.58
2026-07-15,2929.0,20.5,988.39,1716.37
2026-07-16,2840.0,19.88,976.12,1695.06
2026-07-17,2752.0,19.26,963.98,1673.98
2026-07-18,2752.0,19.26,963.98,1673.98
2026-07-19,2752.0,19.26,963.98,1673.98
2026-07-20,2671.0,18.7,952.81,1654.59
2026-07-21,2670.0,18.69,952.68,1654.35
2026-07-22,2715.0,19.0,958.88,1665.12
2026-07-23,2725.0,19.08,960.26,1667.52
2026-07-24,2743.0,19.2,962.74,1671.83
2026-07-25,2743.0,19.2,962.74,1671.83
2026-07-26,2743.0,19.2,962.74,1671.83
2026-07-27,2696.0,18.87,956.26,1660.57
2026-07-28,2664.0,18.65,951.85,1652.91
2026-07-29,2632.0,18.42,947.44,1645.25
2026-07-30,2673.0,18.71,953.09,1655.07
2026-07-31,2732.0,19.12,961.23,1669.19
2026-08-01,2732.0,19.12,961.23,1669.19
2026-08-02,2732.0,19.12,961.23,1669.19
2026-08-03,2843.0,19.9,976.53,1695.77
2026-08-04,2936.0,20.55,989.36,1718.04
2026-08-05,3063.0,21.44,1006.87,1748.45
2026-08-06,3057.0,21.4,1006.04,1747.02
2026-08-07,3089.0,21.62,1010.45,1754.68
2026-08-08,3089.0,21.62,1010.45,1754.68
2026-08-09,3089.0,21.62,1010.45,1754.68
2026-08-10,3083.0,21.58,1009.63,1753.24
2026-08-11,3046.0,21.32,1004.52,1744.38
2026-08-12,2939.0,20.57,989.77,1718.76
2026-08-13,2844.0,19.91,976.67,1696.01
2026-08-14,2863.0,20.04,979.29,1700.56
2026-08-15,2863.0,20.04,979.29,1700.56
2026-08-16,2863.0,20.04,979.29,1700.56
2026-08-17,2878.0,20.15,981.36,1704.15
2026-08-18,2815.0,19.71,972.67,1689.07
2026-08-19,2776.0,19.43,967.29,1679.73
2026-08-20,2791.0,19.54,969.36,1683.32
2026-08-21,2841.0,19.89,976.26,1695.29
2026-08-22,2841.0,19.89,976.26,1695.29
2026-08-23,2841.0,19.89,976.26,1695.29
2026-08-24,2882.0,20.17,981.91,1705.11
2026-08-25,2926.0,20.48,987.98,1715.65
2026-08-26,3056.0,21.39,1005.9,1746.78
2026-08-27,3107.0,21.75,1012.94,1758.99
2026-08-28,3186.0,22.3,1023.83,1777.91
2026-08-29,3186.0,22.3,1023.83,1777.91
2026-08-30,3186.0,22.3,1023.83,1777.91
2026-08-31,3186.0,22.3,1023.83,1777.91
2026-09-01,3157.0,22.1,1019.83,1770.96
2026-09-02,3331.0,23.32,1043.82,1812.63
2026-09-03,3488.0,24.42,1065.47,1850.22
2026-09-04,3628.0,25.4,1084.78,1883.75
2026-09-05,3628.0,25.4,1084.78,1883.75
2026-09-06,3628.0,25.4,1084.78,1883.75
2026-09-07,3575.0,25.02,1077.47,1871.06
2026-09-08,3584.0,25.09,1078.71,1873.21
2026-09-09,3620.0,25.34,1083.67,1881.83
2026-09-10,3521.0,24.65,1070.02,1858.12
2026-09-11,3507.0,24.55,1068.09,1854.77
2026-09-12,3507.0,24.55,1068.09,1854.77
2026-09-13,3507.0,24.55,1068.09,1854.77
2026-09-14,3445.0,24.12,1059.54,1839.93
2026-09-15,3360.0,23.52,1047.82,1819.57
2026-09-16,3327.0,23.29,1043.27,1811.67
2026-09-17,3336.0,23.35,1044.51,1813.83

2026-09-18,3327.0,10.85,866.0,1702.0
2026-09-21,3315.0,10.98,870.0,1696.0
2026-09-22,3333.0,11.14,882.0,1712.0
2026-09-23,3255.0,11.07,878.5,1700.0
2026-09-24,3249.0,11.13,875.0,1698.0
2026-09-25,3294.0,11.13,874.5,1676.5
2026-09-28,3295.0,10.81,871.0,1681.5
2026-09-29,3433.0,11.02,875.5,1691.0
2026-09-30,3268.0,10.9,874.0,1686.0