Financial Year,Name of Port,Avg. Total TRT (In Hours),Average Output Per Ship Berthday (In Tonnes),Traffic (In Thousand Tonnes)
2017-18,Chennai,52.99,16014,51881
2018-19,Chennai,47.41,17288,53012
2019-20,Chennai,48.01,16470,46759
2020-21,Chennai,51.38,15928,43552
2021-22,Chennai,53.19,15497,48564
2022-23,Chennai,48.22,15648,44092
2017-18,Cochin,37.02,20880,29138
2018-19,Cochin,35.21,22839,32022
2019-20,Cochin,34.7,23709,34038
2020-21,Cochin,35.83,22513,31503
2021-22,Cochin,34.64,24457,34550
2022-23,Cochin,33.41,24517,36389
2017-18,Deendayal,60.48,18531,110099
2018-19,Deendayal,72.23,17363,115402
2019-20,Deendayal,70.56,16890,122606
2020-21,Deendayal,67.92,14497,117566
2021-22,Deendayal,60.96,15501,127100
2022-23,Deendayal,77.28,16074,136861
2017-18,JNPA,53.8,23290,66004
2018-19,JNPA,51.22,26498,70706
2019-20,JNPA,29.52,27677,68449
2020-21,JNPA,28.56,26875,64809
2021-22,JNPA,28.08,28938,75996
2022-23,JNPA,28.47,27643,104483
2017-18,Kamarajar,52.85,24590,30446
2018-19,Kamarajar,47.27,24258,34497
2019-20,Kamarajar,44.4,23421,31747
2020-21,Kamarajar,42.97,21326,25888
2021-22,Kamarajar,46.38,24292,38742
2022-23,Kamarajar,45.4,26075,41689
2017-18,Mormugao,63.18,14525,26897
2018-19,Mormugao,63.06,12163,17683
2019-20,Mormugao,62.96,13258,16017
2020-21,Mormugao,75.66,12431,21988
2021-22,Mormugao,71.77,11824,18456
2022-23,Mormugao,61.47,15699,17354
2017-18,Mumbai,89.28,9043,62828
2018-19,Mumbai,60.42,10409,60588
2019-20,Mumbai,53.25,10993,60696
2020-21,Mumbai,59.07,10694,53324
2021-22,Mumbai,73,9091,59891
2022-23,Mumbai,67.42,10035,63719
2017-18,New Mangalore,49,16378,42055
2018-19,New Mangalore,46.21,18126,42508
2019-20,New Mangalore,45.63,15774,39145
2020-21,New Mangalore,45.89,15690,36500
2021-22,New Mangalore,45.99,16465,39296
2022-23,New Mangalore,43.09,18489,41704
2017-18,Paradip,79.48,24810,102012
2018-19,Paradip,60.35,26197,109275
2019-20,Paradip,56.1,25091,112689
2020-21,Paradip,58.1,23943,114549
2021-22,Paradip,53.16,27295,116133
2022-23,Paradip,46.27,31050,135362
2017-18,SMPA (HDC),90.23,8343,40501
2018-19,SMPA (HDC),72.95,9593,45212
2019-20,SMPA (HDC),86.88,10121,46680
2020-21,SMPA (HDC),74.16,9153,45468
2021-22,SMPA (HDC),51.36,10428,42877
2022-23,SMPA (HDC),50.8,11211,48253
2017-18,SMPA (KDS),98.64,4132,17390
2018-19,SMPA (KDS),92.08,4408,18551
2019-20,SMPA (KDS),78.29,4215,17303
2020-21,SMPA (KDS),76.22,3948,15900
2021-22,SMPA (KDS),66.27,3968,15298
2022-23,SMPA (KDS),55.68,4590,17636
2017-18,Visakhapatnam,62,13528,63537
2018-19,Visakhapatnam,60.22,13790,65301
2019-20,Visakhapatnam,58.27,14901,72722
2020-21,Visakhapatnam,66.09,12865,69843
2021-22,Visakhapatnam,73.83,11923,69030
2022-23,Visakhapatnam,73.19,12421,73641
2017-18,VOCPA,64.56,11961,36583
2018-19,VOCPA,47.04,15353,34342
2019-20,VOCPA,44.88,15056,36076
2020-21,VOCPA,46.08,15696,31790
2021-22,VOCPA,48.48,16811,34119
2022-23,VOCPA,46.8,15852,38041
