Sl. No.,Name of the State,Major Ports - Number of Major Ports,Major Ports - Number of Berths on Public Private Partnership (PPP),Major Ports - Port Owned Berth,Non Major Ports - Number of Non Major Ports Handling Cargo,Non Major Ports - Port Operated by State Govt.,Non Major Ports - Port Operated on Public Private Partnership (PPP) mode
1,Gujarat,1,10,24,17,13,4
2,Maharashtra,2,14,35,16,5,11
3,Goa,1,3,3,1,1,0
4,Karnataka,1,3,14,2,2,0
5,Kerala,1,5,14,4,4,0
6,Tamil Nadu,3,20,29,6,2,4
7,Andhra Pradesh,1,8,18,4,0,4
8,Odisha,1,12,8,2,0,2
9,West Bengal,1,4,48,1,1,0
10,Others,0,0,0,14,14,0
Total,Total,12,79,193,67,42,25
